사고번호,사고일시,요일,시군구,사고내용,사망자수,중상자수,경상자수,부상신고자수,사고유형,법규위반,노면상태,기상상태,도로형태,가해운전자 차종,가해운전자 성별,가해운전자 연령,가해운전자 상해정도,피해운전자 차종,피해운전자 성별,피해운전자 연령,피해운전자 상해정도
2018030900100009,2018년 3월 9일 00시,금요일,강원도 삼척시 남양동,경상사고,0,0,1,0,차대사람 - 횡단중,안전운전불이행,포장 - 건조,맑음,교차로 - 교차로부근,승용,남,24세,상해없음,보행자,남,24세,경상
2018030900100057,2018년 3월 9일 06시,금요일,강원도 춘천시 온의동,경상사고,0,0,1,0,차대사람 - 횡단중,신호위반,포장 - 건조,맑음,교차로 - 교차로횡단보도내,승용,남,49세,상해없음,보행자,남,32세,경상
2018030900100182,2018년 3월 9일 12시,금요일,강원도 동해시 북평동,경상사고,0,0,1,0,차대사람 - 차도통행중,안전운전불이행,포장 - 건조,맑음,교차로 - 교차로부근,승용,남,50세,상해없음,보행자,여,58세,경상
2018031000100010,2018년 3월 10일 00시,토요일,강원도 원주시 문막읍,경상사고,0,0,1,0,차대사람 - 길가장자리구역통행중,안전운전불이행,포장 - 건조,맑음,주차장 - 주차장,승용,여,49세,상해없음,보행자,남,54세,경상
2018031000100092,2018년 3월 10일 05시,토요일,강원도 원주시 단구동,중상사고,0,1,0,0,차대사람 - 횡단중,안전운전불이행,포장 - 건조,흐림,단일로 - 기타,승용,남,61세,상해없음,보행자,남,77세,중상
2018031000100251,2018년 3월 10일 13시,토요일,강원도 원주시 중앙동,중상사고,0,1,0,0,차대사람 - 횡단중,보행자보호의무위반,포장 - 건조,맑음,단일로 - 기타,화물,남,70세,상해없음,보행자,여,66세,중상
2018031000100352,2018년 3월 10일 16시,토요일,강원도 강릉시 교동,경상사고,0,0,1,0,차대사람 - 기타,안전운전불이행,포장 - 건조,맑음,교차로 - 교차로안,승합,남,65세,상해없음,보행자,남,22세,경상
2018031100100160,2018년 3월 11일 12시,일요일,강원도 춘천시 퇴계동,중상사고,0,1,0,0,차대사람 - 차도통행중,안전운전불이행,포장 - 건조,맑음,교차로 - 교차로부근,승용,여,42세,상해없음,보행자,여,77세,중상
2018031100100162,2018년 3월 11일 12시,일요일,강원도 원주시 지정면,경상사고,0,0,1,0,차대사람 - 보도통행중,안전운전불이행,포장 - 건조,맑음,단일로 - 기타,승용,남,59세,상해없음,보행자,여,61세,경상
2018031100100268,2018년 3월 11일 16시,일요일,강원도 원주시 태장동,중상사고,0,1,1,0,차대사람 - 횡단중,보행자보호의무위반,포장 - 건조,맑음,교차로 - 교차로횡단보도내,화물,남,53세,상해없음,보행자,여,39세,중상
2018031200100030,2018년 3월 12일 05시,월요일,강원도 영월군 한반도면,경상사고,0,0,1,0,차대사람 - 기타,안전운전불이행,포장 - 건조,맑음,단일로 - 기타,특수,남,51세,상해없음,보행자,여,69세,경상
2018031200100181,2018년 3월 12일 11시,월요일,강원도 강릉시 포남동,부상신고사고,0,0,0,1,차대사람 - 기타,안전운전불이행,포장 - 기타,기타,단일로 - 기타,기타불명,기타불명,미분류,기타불명,보행자,여,51세,부상신고
2018031200100184,2018년 3월 12일 11시,월요일,강원도 태백시 황지동,경상사고,0,0,1,0,차대사람 - 기타,안전운전불이행,포장 - 건조,맑음,단일로 - 기타,승용,남,80세,상해없음,보행자,남,50세,경상
2018031200100302,2018년 3월 12일 15시,월요일,강원도 속초시 청호동,경상사고,0,0,1,0,차대사람 - 기타,안전운전불이행,포장 - 건조,맑음,주차장 - 주차장,승용,여,51세,상해없음,보행자,여,70세,경상
2018031200100457,2018년 3월 12일 19시,월요일,강원도 강릉시 내곡동,경상사고,0,0,1,0,차대사람 - 횡단중,보행자보호의무위반,포장 - 건조,맑음,단일로 - 기타,승용,남,27세,상해없음,보행자,남,49세,경상
2018031300100409,2018년 3월 13일 18시,화요일,강원도 원주시 학성동,경상사고,0,0,1,0,차대사람 - 횡단중,보행자보호의무위반,포장 - 건조,맑음,단일로 - 기타,승용,남,20세,상해없음,보행자,남,62세,경상
2018031300100449,2018년 3월 13일 19시,화요일,강원도 원주시 봉산동,경상사고,0,0,1,0,차대사람 - 보도통행중,기타,포장 - 건조,맑음,교차로 - 교차로부근,승용,여,42세,상해없음,보행자,여,22세,경상
2018031400100232,2018년 3월 14일 12시,수요일,강원도 원주시 중앙동,경상사고,0,0,1,0,차대사람 - 횡단중,교차로운행방법위반,포장 - 건조,맑음,교차로 - 교차로안,승용,남,48세,상해없음,보행자,여,22세,경상
2018031400100336,2018년 3월 14일 15시,수요일,강원도 강릉시 강문동,중상사고,0,1,0,0,차대사람 - 횡단중,안전운전불이행,포장 - 건조,맑음,교차로 - 교차로안,승용,남,24세,상해없음,보행자,남,50세,중상
2018031400100562,2018년 3월 14일 21시,수요일,강원도 홍천군 홍천읍,중상사고,0,1,0,0,차대사람 - 횡단중,안전운전불이행,포장 - 건조,맑음,교차로 - 교차로안,승용,남,55세,상해없음,보행자,여,49세,중상
2018031500100007,2018년 3월 15일 00시,목요일,강원도 강릉시 포남동,중상사고,0,1,0,0,차대사람 - 횡단중,보행자보호의무위반,포장 - 젖음/습기,비,교차로 - 교차로부근,이륜,남,29세,상해없음,보행자,여,58세,중상
2018031500100170,2018년 3월 15일 09시,목요일,강원도 강릉시 홍제동,경상사고,0,0,1,0,차대사람 - 기타,안전운전불이행,포장 - 건조,맑음,단일로 - 기타,기타불명,기타불명,미분류,기타불명,보행자,여,20세,경상
2018031500100171,2018년 3월 15일 09시,목요일,강원도 양양군 양양읍,중상사고,0,1,0,0,차대사람 - 횡단중,안전운전불이행,포장 - 건조,맑음,교차로 - 교차로안,승용,여,41세,상해없음,보행자,남,89세,중상
2018031500100290,2018년 3월 15일 13시,목요일,강원도 춘천시 후평동,경상사고,0,0,1,0,차대사람 - 보도통행중,기타,포장 - 건조,맑음,기타 - 기타,승용,남,53세,상해없음,보행자,여,57세,경상
2018031500100440,2018년 3월 15일 18시,목요일,강원도 정선군 정선읍,중상사고,0,1,0,0,차대사람 - 횡단중,안전운전불이행,포장 - 젖음/습기,비,교차로 - 교차로횡단보도내,승용,여,29세,상해없음,보행자,남,17세,중상
2018031600100029,2018년 3월 16일 01시,금요일,강원도 원주시 단구동,경상사고,0,0,1,0,차대사람 - 길가장자리구역통행중,안전운전불이행,포장 - 젖음/습기,비,교차로 - 교차로안,승용,남,30세,상해없음,보행자,남,45세,경상
2018031600100211,2018년 3월 16일 11시,금요일,강원도 삼척시 당저동,경상사고,0,0,1,0,차대사람 - 기타,안전운전불이행,포장 - 건조,맑음,주차장 - 주차장,승용,남,79세,상해없음,보행자,여,41세,경상
2018031700100487,2018년 3월 17일 19시,토요일,강원도 강릉시 금학동,사망사고,1,0,0,0,차대사람 - 횡단중,안전운전불이행,포장 - 건조,맑음,단일로 - 기타,승용,남,41세,상해없음,보행자,남,2세,사망
2018031800100037,2018년 3월 18일 02시,일요일,강원도 원주시 문막읍,사망사고,2,0,0,0,차대사람 - 횡단중,보행자보호의무위반,포장 - 건조,맑음,단일로 - 기타,승용,남,46세,사망,보행자,남,55세,사망
2018031800100086,2018년 3월 18일 07시,일요일,강원도 원주시 단계동,경상사고,0,0,1,0,차대사람 - 횡단중,보행자보호의무위반,포장 - 건조,맑음,교차로 - 교차로횡단보도내,승용,남,38세,상해없음,보행자,여,49세,경상
2018031800100407,2018년 3월 18일 21시,일요일,강원도 철원군 동송읍,경상사고,0,0,1,0,차대사람 - 기타,안전운전불이행,포장 - 젖음/습기,비,단일로 - 기타,승용,남,50세,상해없음,보행자,남,27세,경상
2018031800100460,2018년 3월 18일 23시,일요일,강원도 원주시 단계동,부상신고사고,0,0,0,1,차대사람 - 기타,안전운전불이행,포장 - 젖음/습기,비,교차로 - 교차로안,기타불명,기타불명,미분류,기타불명,보행자,남,40세,부상신고
2018031900100168,2018년 3월 19일 10시,월요일,강원도 춘천시 효자동,중상사고,0,1,0,0,차대사람 - 보도통행중,보행자보호의무위반,포장 - 건조,맑음,단일로 - 기타,승용,남,49세,상해없음,보행자,남,82세,중상
2018031900100199,2018년 3월 19일 11시,월요일,강원도 홍천군 홍천읍,중상사고,0,1,0,0,차대사람 - 횡단중,안전운전불이행,포장 - 건조,맑음,교차로 - 교차로부근,승합,남,77세,상해없음,보행자,여,58세,중상
2018031900100479,2018년 3월 19일 20시,월요일,강원도 원주시 봉산동,중상사고,0,1,1,0,차대사람 - 횡단중,안전운전불이행,포장 - 건조,맑음,교차로 - 교차로부근,승용,남,46세,상해없음,보행자,여,51세,중상
2018032000100236,2018년 3월 20일 12시,화요일,강원도 원주시 단구동,경상사고,0,0,1,0,차대사람 - 횡단중,안전운전불이행,포장 - 건조,맑음,단일로 - 기타,승용,남,65세,상해없음,보행자,남,21세,경상
2018032100100084,2018년 3월 21일 07시,수요일,강원도 홍천군 내면,중상사고,0,1,0,0,차대사람 - 기타,안전운전불이행,비포장 - 기타,눈,단일로 - 기타,화물,남,65세,상해없음,보행자,남,56세,중상
2018032100100199,2018년 3월 21일 11시,수요일,강원도 삼척시 사직동,경상사고,0,0,1,0,차대사람 - 횡단중,신호위반,포장 - 젖음/습기,눈,교차로 - 교차로부근,승용,남,61세,상해없음,보행자,여,79세,경상
2018032100100290,2018년 3월 21일 15시,수요일,강원도 평창군 대관령면,부상신고사고,0,0,0,1,차대사람 - 차도통행중,안전운전불이행,포장 - 적설,눈,단일로 - 기타,승용,남,38세,상해없음,보행자,남,42세,부상신고
2018032100100393,2018년 3월 21일 18시,수요일,강원도 강릉시 성내동,중상사고,0,1,1,0,차대사람 - 횡단중,보행자보호의무위반,포장 - 젖음/습기,비,교차로 - 교차로횡단보도내,승합,남,67세,상해없음,보행자,여,61세,중상
2018032200100239,2018년 3월 22일 11시,목요일,강원도 양양군 양양읍,중상사고,0,1,0,0,차대사람 - 차도통행중,안전운전불이행,포장 - 건조,맑음,단일로 - 기타,화물,남,67세,상해없음,보행자,여,83세,중상
2018032200100449,2018년 3월 22일 18시,목요일,강원도 춘천시 후평동,경상사고,0,0,1,0,차대사람 - 길가장자리구역통행중,보행자보호의무위반,포장 - 건조,맑음,단일로 - 기타,승용,여,44세,상해없음,보행자,여,34세,경상
2018032300100150,2018년 3월 23일 09시,금요일,강원도 정선군 사북읍,경상사고,0,0,1,0,차대사람 - 기타,안전운전불이행,포장 - 건조,맑음,교차로 - 교차로안,승용,남,45세,상해없음,보행자,남,28세,경상
2018032300100278,2018년 3월 23일 14시,금요일,강원도 춘천시 효자동,경상사고,0,0,1,0,차대사람 - 횡단중,안전운전불이행,포장 - 건조,맑음,교차로 - 교차로안,승용,여,49세,상해없음,보행자,여,8세,경상
2018032300100309,2018년 3월 23일 15시,금요일,강원도 삼척시 당저동,중상사고,0,1,0,0,차대사람 - 횡단중,보행자보호의무위반,포장 - 건조,맑음,단일로 - 기타,승용,남,58세,상해없음,보행자,여,69세,중상
2018032300100398,2018년 3월 23일 17시,금요일,강원도 원주시 흥업면,부상신고사고,0,0,0,1,차대사람 - 기타,기타,포장 - 건조,맑음,단일로 - 기타,기타불명,기타불명,미분류,기타불명,보행자,여,86세,부상신고
2018032300100551,2018년 3월 23일 21시,금요일,강원도 강릉시 노암동,중상사고,0,1,0,0,차대사람 - 기타,안전운전불이행,포장 - 건조,맑음,단일로 - 기타,승용,여,53세,상해없음,보행자,여,34세,중상
2018032300100552,2018년 3월 23일 21시,금요일,강원도 속초시 영랑동,경상사고,0,0,1,0,차대사람 - 횡단중,보행자보호의무위반,포장 - 건조,맑음,교차로 - 교차로안,승용,여,50세,상해없음,보행자,여,60세,경상
2018032500100255,2018년 3월 25일 16시,일요일,강원도 춘천시 효자동,중상사고,0,1,0,0,차대사람 - 횡단중,보행자보호의무위반,포장 - 건조,맑음,교차로 - 교차로횡단보도내,승용,여,63세,상해없음,보행자,여,61세,중상
2018032600100085,2018년 3월 26일 08시,월요일,강원도 춘천시 석사동,경상사고,0,0,2,0,차대사람 - 횡단중,안전운전불이행,포장 - 건조,맑음,단일로 - 기타,승용,남,48세,상해없음,보행자,남,8세,경상
2018032600100086,2018년 3월 26일 08시,월요일,강원도 속초시 교동,중상사고,0,1,0,0,차대사람 - 차도통행중,안전운전불이행,포장 - 건조,맑음,단일로 - 기타,승용,여,48세,상해없음,보행자,여,18세,중상
2018032600100126,2018년 3월 26일 09시,월요일,강원도 영월군 영월읍,부상신고사고,0,0,0,1,차대사람 - 횡단중,안전운전불이행,포장 - 건조,흐림,단일로 - 지하차도(도로)내,화물,남,65세,상해없음,보행자,남,38세,부상신고
2018032600100245,2018년 3월 26일 13시,월요일,강원도 강릉시 연곡면,중상사고,0,1,0,0,차대사람 - 횡단중,안전운전불이행,포장 - 건조,맑음,단일로 - 기타,승용,남,75세,상해없음,보행자,여,7세,중상
2018032600100434,2018년 3월 26일 18시,월요일,강원도 원주시 태장동,경상사고,0,0,1,0,차대사람 - 횡단중,보행자보호의무위반,포장 - 건조,맑음,단일로 - 기타,승용,남,26세,상해없음,보행자,남,14세,경상
2018032600100436,2018년 3월 26일 18시,월요일,강원도 동해시 묵호진동,부상신고사고,0,0,0,1,차대사람 - 횡단중,안전운전불이행,포장 - 건조,맑음,단일로 - 기타,기타불명,기타불명,미분류,기타불명,보행자,남,81세,부상신고
2018032700100006,2018년 3월 27일 00시,화요일,강원도 춘천시 석사동,경상사고,0,0,1,0,차대사람 - 기타,안전운전불이행,포장 - 건조,맑음,단일로 - 기타,승용,남,62세,상해없음,보행자,남,23세,경상
2018032700100478,2018년 3월 27일 21시,화요일,강원도 강릉시 교동,경상사고,0,0,1,0,차대사람 - 보도통행중,안전운전불이행,포장 - 건조,맑음,교차로 - 교차로안,승용,여,56세,상해없음,보행자,남,34세,경상
2018032800100411,2018년 3월 28일 17시,수요일,강원도 삼척시 교동,중상사고,0,1,0,0,차대사람 - 보도통행중,안전운전불이행,포장 - 건조,맑음,주차장 - 주차장,승용,남,46세,상해없음,보행자,남,5세,중상
2018032900100440,2018년 3월 29일 18시,목요일,강원도 고성군 간성읍,경상사고,0,0,1,0,차대사람 - 횡단중,안전운전불이행,포장 - 건조,맑음,단일로 - 기타,승용,남,34세,상해없음,보행자,여,11세,경상
2018033000100122,2018년 3월 30일 08시,금요일,강원도 원주시 태장동,경상사고,0,0,1,0,차대사람 - 길가장자리구역통행중,안전운전불이행,포장 - 건조,맑음,기타 - 기타,화물,남,60세,상해없음,보행자,남,12세,경상
2018033000100152,2018년 3월 30일 09시,금요일,강원도 속초시 교동,중상사고,0,1,0,0,차대사람 - 횡단중,보행자보호의무위반,포장 - 건조,맑음,교차로 - 교차로부근,승용,여,68세,상해없음,보행자,여,60세,중상
2018033000100266,2018년 3월 30일 13시,금요일,강원도 강릉시 강문동,경상사고,0,0,2,0,차대사람 - 기타,안전운전불이행,포장 - 건조,맑음,단일로 - 기타,화물,남,50세,상해없음,보행자,여,28세,경상
2018033000100376,2018년 3월 30일 16시,금요일,강원도 삼척시 남양동,중상사고,0,2,0,0,차대사람 - 횡단중,보행자보호의무위반,포장 - 건조,맑음,교차로 - 교차로횡단보도내,승용,여,61세,상해없음,보행자,여,17세,중상
2018033100100596,2018년 3월 31일 23시,토요일,강원도 강릉시 옥천동,중상사고,0,1,0,0,차대사람 - 차도통행중,안전운전불이행,포장 - 건조,맑음,단일로 - 기타,이륜,남,30세,상해없음,보행자,여,15세,중상
2018040100100265,2018년 4월 1일 15시,일요일,강원도 강릉시 성남동,경상사고,0,0,1,0,차대사람 - 횡단중,안전운전불이행,포장 - 건조,맑음,교차로 - 교차로안,승용,여,59세,상해없음,보행자,여,56세,경상
2018040200100113,2018년 4월 2일 08시,월요일,강원도 춘천시 운교동,경상사고,0,0,1,0,차대사람 - 횡단중,보행자보호의무위반,포장 - 건조,맑음,단일로 - 기타,승용,여,50세,상해없음,보행자,여,28세,경상
2018040200100115,2018년 4월 2일 08시,월요일,강원도 원주시 학성동,경상사고,0,0,1,0,차대사람 - 기타,기타,포장 - 건조,맑음,단일로 - 기타,승합,남,65세,상해없음,보행자,여,76세,경상
2018040200100183,2018년 4월 2일 10시,월요일,강원도 강릉시 홍제동,중상사고,0,1,0,0,차대사람 - 횡단중,보행자보호의무위반,포장 - 건조,맑음,교차로 - 교차로안,승용,남,60세,상해없음,보행자,여,77세,중상
2018040200100212,2018년 4월 2일 11시,월요일,강원도 홍천군 홍천읍,중상사고,0,1,0,0,차대사람 - 횡단중,안전운전불이행,포장 - 건조,맑음,교차로 - 교차로안,승용,여,39세,상해없음,보행자,여,78세,중상
2018040200100264,2018년 4월 2일 13시,월요일,강원도 속초시 금호동,경상사고,0,0,1,0,차대사람 - 횡단중,안전운전불이행,포장 - 건조,맑음,교차로 - 교차로안,승용,여,25세,상해없음,보행자,남,75세,경상
2018040200100337,2018년 4월 2일 15시,월요일,강원도 춘천시 효자동,중상사고,0,1,0,0,차대사람 - 기타,안전운전불이행,포장 - 건조,맑음,단일로 - 기타,승용,남,62세,상해없음,보행자,남,26세,중상
2018040200100445,2018년 4월 2일 18시,월요일,강원도 양양군 양양읍,중상사고,0,1,0,0,차대사람 - 길가장자리구역통행중,안전운전불이행,포장 - 건조,맑음,단일로 - 지하차도(도로)내,승용,남,71세,상해없음,보행자,남,10세,중상
2018040200100607,2018년 4월 2일 23시,월요일,강원도 인제군 인제읍,사망사고,1,0,0,0,차대사람 - 차도통행중,안전운전불이행,포장 - 건조,맑음,단일로 - 기타,승합,여,40세,상해없음,보행자,남,52세,사망
2018040300100105,2018년 4월 3일 08시,화요일,강원도 강릉시 옥천동,중상사고,0,1,0,0,차대사람 - 횡단중,안전운전불이행,포장 - 건조,맑음,교차로 - 교차로안,승용,남,51세,상해없음,보행자,여,76세,중상
2018040300100239,2018년 4월 3일 12시,화요일,강원도 횡성군 우천면,중상사고,0,1,0,0,차대사람 - 기타,안전운전불이행,포장 - 건조,맑음,단일로 - 기타,화물,남,53세,상해없음,보행자,여,66세,중상
2018040300100427,2018년 4월 3일 17시,화요일,강원도 속초시 동명동,경상사고,0,0,1,0,차대사람 - 길가장자리구역통행중,안전운전불이행,포장 - 건조,맑음,교차로 - 교차로부근,승용,남,28세,상해없음,보행자,여,55세,경상
2018040300100461,2018년 4월 3일 18시,화요일,강원도 강릉시 성남동,경상사고,0,0,1,0,차대사람 - 횡단중,안전운전불이행,포장 - 건조,맑음,교차로 - 교차로안,승용,여,35세,상해없음,보행자,여,50세,경상
2018040300100634,2018년 4월 3일 23시,화요일,강원도 원주시 단계동,경상사고,0,0,1,0,차대사람 - 차도통행중,교차로운행방법위반,포장 - 건조,맑음,교차로 - 교차로안,승용,남,46세,상해없음,보행자,남,81세,경상
2018040400100143,2018년 4월 4일 08시,수요일,강원도 원주시 흥업면,경상사고,0,0,1,0,차대사람 - 횡단중,보행자보호의무위반,포장 - 건조,맑음,교차로 - 교차로부근,승용,여,37세,상해없음,보행자,여,28세,경상
2018040400100144,2018년 4월 4일 08시,수요일,강원도 원주시 개운동,경상사고,0,0,1,0,차대사람 - 횡단중,보행자보호의무위반,포장 - 건조,맑음,단일로 - 기타,승용,남,54세,상해없음,보행자,남,6세,경상
2018040400100169,2018년 4월 4일 09시,수요일,강원도 원주시 단구동,중상사고,0,1,0,0,차대사람 - 길가장자리구역통행중,안전운전불이행,포장 - 젖음/습기,비,주차장 - 주차장,승용,남,82세,상해없음,보행자,남,81세,중상
2018040400100341,2018년 4월 4일 15시,수요일,강원도 영월군 영월읍,중상사고,0,1,0,0,차대사람 - 횡단중,보행자보호의무위반,포장 - 건조,맑음,교차로 - 교차로횡단보도내,승용,여,57세,상해없음,보행자,여,64세,중상
2018040400100342,2018년 4월 4일 15시,수요일,강원도 태백시 황지동,경상사고,0,0,1,0,차대사람 - 차도통행중,안전운전불이행,포장 - 건조,흐림,단일로 - 기타,승용,여,48세,기타불명,보행자,여,16세,경상
2018040400100450,2018년 4월 4일 18시,수요일,강원도 원주시 단계동,부상신고사고,0,0,0,1,차대사람 - 길가장자리구역통행중,안전운전불이행,포장 - 건조,맑음,기타 - 기타,승용,남,39세,상해없음,보행자,남,21세,부상신고
2018040400100451,2018년 4월 4일 18시,수요일,강원도 원주시 일산동,경상사고,0,0,1,0,차대사람 - 기타,안전운전불이행,포장 - 건조,기타,단일로 - 기타,기타불명,기타불명,미분류,기타불명,보행자,남,57세,경상
2018040400100581,2018년 4월 4일 22시,수요일,강원도 춘천시 후평동,경상사고,0,0,1,0,차대사람 - 차도통행중,안전운전불이행,포장 - 건조,맑음,교차로 - 교차로부근,승용,남,27세,상해없음,보행자,남,46세,경상
2018040400100583,2018년 4월 4일 22시,수요일,강원도 횡성군 횡성읍,사망사고,1,2,0,0,차대사람 - 횡단중,안전운전불이행,포장 - 건조,맑음,단일로 - 기타,승합,남,56세,상해없음,보행자,남,40세,사망
2018040500100053,2018년 4월 5일 05시,목요일,강원도 고성군 죽왕면,사망사고,1,0,0,0,차대사람 - 횡단중,안전운전불이행,포장 - 건조,흐림,기타 - 기타,승용,남,44세,상해없음,보행자,여,70세,사망
2018040500100462,2018년 4월 5일 19시,목요일,강원도 동해시 부곡동,중상사고,0,1,0,0,차대사람 - 횡단중,보행자보호의무위반,포장 - 젖음/습기,비,교차로 - 교차로횡단보도내,승용,남,27세,상해없음,보행자,남,36세,중상
2018040500100518,2018년 4월 5일 20시,목요일,강원도 강릉시 노암동,중상사고,0,1,0,0,차대사람 - 횡단중,안전운전불이행,포장 - 젖음/습기,비,단일로 - 기타,승용,남,58세,상해없음,보행자,여,85세,중상
2018040500100521,2018년 4월 5일 20시,목요일,강원도 동해시 동회동,경상사고,0,0,2,0,차대사람 - 길가장자리구역통행중,안전운전불이행,포장 - 젖음/습기,비,단일로 - 기타,이륜,남,19세,상해없음,보행자,남,24세,경상
2018040600100352,2018년 4월 6일 15시,금요일,강원도 춘천시 효자동,경상사고,0,0,1,0,차대사람 - 횡단중,보행자보호의무위반,포장 - 건조,맑음,교차로 - 교차로횡단보도내,승용,남,26세,상해없음,보행자,여,68세,경상
2018040600100463,2018년 4월 6일 18시,금요일,강원도 춘천시 석사동,중상사고,0,1,0,0,차대사람 - 길가장자리구역통행중,안전운전불이행,포장 - 건조,맑음,단일로 - 기타,승용,여,47세,상해없음,보행자,여,89세,중상
2018040600100538,2018년 4월 6일 20시,금요일,강원도 원주시 단계동,중상사고,0,1,0,0,차대사람 - 횡단중,안전운전불이행,포장 - 건조,맑음,교차로 - 교차로안,승용,남,33세,상해없음,보행자,남,61세,중상
2018040700100011,2018년 4월 7일 00시,토요일,강원도 양양군 현남면,중상사고,0,2,0,0,차대사람 - 차도통행중,안전운전불이행,포장 - 건조,맑음,교차로 - 교차로부근,승용,남,26세,상해없음,보행자,남,25세,중상
2018040700100217,2018년 4월 7일 11시,토요일,강원도 춘천시 신북읍,중상사고,0,1,0,0,차대사람 - 기타,안전운전불이행,포장 - 건조,맑음,단일로 - 기타,승용,남,58세,상해없음,보행자,남,46세,중상
2018040700100317,2018년 4월 7일 14시,토요일,강원도 삼척시 남양동,경상사고,0,0,1,0,차대사람 - 차도통행중,안전운전불이행,포장 - 건조,맑음,교차로 - 교차로안,승용,남,63세,상해없음,보행자,여,46세,경상
2018040700100372,2018년 4월 7일 15시,토요일,강원도 태백시 황지동,중상사고,0,1,0,0,차대사람 - 차도통행중,안전운전불이행,포장 - 건조,맑음,교차로 - 교차로부근,승용,남,72세,상해없음,보행자,여,74세,중상
2018040700100405,2018년 4월 7일 16시,토요일,강원도 춘천시 운교동,경상사고,0,0,1,0,차대사람 - 차도통행중,신호위반,포장 - 건조,맑음,교차로 - 교차로부근,승용,남,28세,상해없음,보행자,남,17세,경상
2018040800100140,2018년 4월 8일 10시,일요일,강원도 강릉시 초당동,경상사고,0,0,1,0,차대사람 - 횡단중,안전운전불이행,포장 - 건조,맑음,교차로 - 교차로안,승용,남,63세,상해없음,보행자,남,7세,경상
2018040800100413,2018년 4월 8일 19시,일요일,강원도 춘천시 운교동,경상사고,0,0,1,0,차대사람 - 기타,보행자보호의무위반,포장 - 젖음/습기,비,교차로 - 교차로부근,이륜,남,23세,상해없음,보행자,남,52세,경상
2018040900100146,2018년 4월 9일 09시,월요일,강원도 동해시 쇄운동,경상사고,0,0,2,0,차대사람 - 횡단중,안전운전불이행,포장 - 건조,맑음,교차로 - 교차로안,승용,남,61세,상해없음,보행자,남,36세,경상
2018040900100180,2018년 4월 9일 10시,월요일,강원도 삼척시 정상동,경상사고,0,0,1,0,차대사람 - 차도통행중,안전운전불이행,포장 - 건조,맑음,단일로 - 기타,승용,여,54세,상해없음,보행자,남,41세,경상
2018040900100214,2018년 4월 9일 11시,월요일,강원도 삼척시 남양동,경상사고,0,0,1,0,차대사람 - 차도통행중,안전운전불이행,포장 - 건조,맑음,교차로 - 교차로안,승용,여,48세,상해없음,보행자,여,65세,경상
2018040900100325,2018년 4월 9일 14시,월요일,강원도 춘천시 조양동,경상사고,0,0,1,0,차대사람 - 횡단중,안전운전불이행,포장 - 건조,맑음,단일로 - 기타,승용,남,26세,상해없음,보행자,여,64세,경상
2018040900100364,2018년 4월 9일 15시,월요일,강원도 원주시 무실동,중상사고,0,1,0,0,차대사람 - 횡단중,안전운전불이행,포장 - 건조,맑음,단일로 - 기타,승용,남,37세,상해없음,보행자,남,7세,중상
2018040900100444,2018년 4월 9일 17시,월요일,강원도 속초시 교동,중상사고,0,1,0,0,차대사람 - 횡단중,안전운전불이행,포장 - 건조,맑음,단일로 - 기타,승용,여,50세,상해없음,보행자,여,60세,중상
2018040900100533,2018년 4월 9일 19시,월요일,강원도 춘천시 온의동,경상사고,0,0,1,0,차대사람 - 횡단중,보행자보호의무위반,포장 - 건조,맑음,단일로 - 기타,승용,남,62세,상해없음,보행자,여,58세,경상
2018040900100534,2018년 4월 9일 19시,월요일,강원도 속초시 조양동,경상사고,0,0,1,0,차대사람 - 길가장자리구역통행중,안전운전불이행,포장 - 건조,맑음,교차로 - 교차로안,화물,남,65세,상해없음,보행자,여,70세,경상
2018041000100188,2018년 4월 10일 10시,화요일,강원도 원주시 중앙동,중상사고,0,1,0,0,차대사람 - 횡단중,안전운전불이행,포장 - 건조,맑음,교차로 - 교차로횡단보도내,승용,남,51세,기타불명,보행자,여,79세,중상
2018041000100223,2018년 4월 10일 11시,화요일,강원도 속초시 동명동,중상사고,0,1,0,0,차대사람 - 길가장자리구역통행중,안전운전불이행,포장 - 건조,맑음,단일로 - 기타,승용,여,69세,상해없음,보행자,여,71세,중상
2018041100100201,2018년 4월 11일 11시,수요일,강원도 춘천시 퇴계동,중상사고,0,1,0,0,차대사람 - 기타,안전운전불이행,포장 - 건조,맑음,단일로 - 기타,승용,여,49세,상해없음,보행자,여,28세,중상
2018041100100203,2018년 4월 11일 11시,수요일,강원도 횡성군 횡성읍,중상사고,0,1,0,0,차대사람 - 횡단중,보행자보호의무위반,포장 - 건조,맑음,단일로 - 기타,화물,남,55세,상해없음,보행자,여,77세,중상
2018041100100289,2018년 4월 11일 14시,수요일,강원도 속초시 청호동,경상사고,0,0,1,0,차대사람 - 횡단중,안전운전불이행,포장 - 건조,맑음,기타 - 기타,승용,남,32세,상해없음,보행자,남,68세,경상
2018041100100412,2018년 4월 11일 17시,수요일,강원도 태백시 황지동,경상사고,0,0,1,0,차대사람 - 횡단중,보행자보호의무위반,포장 - 건조,맑음,단일로 - 기타,승용,남,65세,상해없음,보행자,남,8세,경상
2018041100100539,2018년 4월 11일 20시,수요일,강원도 원주시 단계동,경상사고,0,0,1,0,차대사람 - 기타,안전운전불이행,포장 - 건조,맑음,단일로 - 기타,이륜,남,34세,기타불명,보행자,여,55세,경상