사고번호,사고일시,요일,시군구,사고내용,사망자수,중상자수,경상자수,부상신고자수,사고유형,법규위반,노면상태,기상상태,도로형태,가해운전자 차종,가해운전자 성별,가해운전자 연령,가해운전자 상해정도,피해운전자 차종,피해운전자 성별,피해운전자 연령,피해운전자 상해정도
2018041200100313,2018년 4월 12일 14시,목요일,강원도 원주시 지정면,중상사고,0,1,0,0,차대사람 - 차도통행중,안전운전불이행,포장 - 건조,맑음,단일로 - 기타,승용,여,53세,상해없음,보행자,여,72세,중상
2018041200100551,2018년 4월 12일 20시,목요일,강원도 원주시 흥업면,중상사고,0,1,0,0,차대사람 - 횡단중,안전운전불이행,포장 - 건조,맑음,단일로 - 기타,승합,남,67세,상해없음,보행자,남,67세,중상
2018041200100552,2018년 4월 12일 20시,목요일,강원도 철원군 동송읍,경상사고,0,0,1,0,차대사람 - 횡단중,보행자보호의무위반,포장 - 건조,맑음,단일로 - 기타,승용,여,70세,상해없음,보행자,여,14세,경상
2018041300100119,2018년 4월 13일 08시,금요일,강원도 태백시 황지동,중상사고,0,1,0,0,차대사람 - 횡단중,안전운전불이행,포장 - 건조,맑음,단일로 - 기타,승용,남,47세,상해없음,보행자,여,85세,중상
2018041300100254,2018년 4월 13일 12시,금요일,강원도 춘천시 효자동,경상사고,0,0,1,0,차대사람 - 횡단중,안전운전불이행,포장 - 건조,맑음,기타 - 기타,기타불명,기타불명,미분류,기타불명,보행자,여,63세,경상
2018041300100278,2018년 4월 13일 13시,금요일,강원도 동해시 부곡동,경상사고,0,0,1,0,차대사람 - 차도통행중,안전운전불이행,포장 - 건조,맑음,단일로 - 지하차도(도로)내,승용,남,43세,상해없음,보행자,여,38세,경상
2018041300100309,2018년 4월 13일 14시,금요일,강원도 동해시 구미동,경상사고,0,0,1,0,차대사람 - 차도통행중,안전운전불이행,포장 - 건조,맑음,단일로 - 기타,승용,남,49세,상해없음,보행자,남,71세,경상
2018041300100338,2018년 4월 13일 15시,금요일,강원도 삼척시 교동,경상사고,0,0,1,0,차대사람 - 횡단중,보행자보호의무위반,포장 - 건조,맑음,교차로 - 교차로횡단보도내,승용,남,56세,상해없음,보행자,남,11세,경상
2018041300100649,2018년 4월 13일 23시,금요일,강원도 춘천시 후평동,경상사고,0,0,1,0,차대사람 - 기타,안전운전불이행,포장 - 건조,맑음,교차로 - 교차로안,승용,여,61세,상해없음,보행자,여,59세,경상
2018041300100650,2018년 4월 13일 23시,금요일,강원도 영월군 영월읍,경상사고,0,0,1,1,차대사람 - 횡단중,안전운전불이행,포장 - 건조,맑음,단일로 - 기타,승용,남,48세,상해없음,보행자,여,22세,부상신고
2018041400100116,2018년 4월 14일 06시,토요일,강원도 원주시 학성동,중상사고,0,1,0,0,차대사람 - 차도통행중,안전운전불이행,포장 - 젖음/습기,맑음,단일로 - 기타,승용,남,67세,상해없음,보행자,남,58세,중상
2018041400100267,2018년 4월 14일 12시,토요일,강원도 횡성군 횡성읍,경상사고,0,0,1,0,차대사람 - 횡단중,안전운전불이행,포장 - 젖음/습기,비,단일로 - 기타,이륜,남,60세,상해없음,보행자,여,81세,경상
2018041400100300,2018년 4월 14일 13시,토요일,강원도 속초시 중앙동,경상사고,0,0,1,0,차대사람 - 보도통행중,기타,포장 - 건조,맑음,단일로 - 기타,승용,남,63세,상해없음,보행자,남,34세,경상
2018041500100237,2018년 4월 15일 14시,일요일,강원도 홍천군 홍천읍,중상사고,0,1,0,0,차대사람 - 차도통행중,안전운전불이행,포장 - 건조,맑음,단일로 - 기타,이륜,남,69세,상해없음,보행자,남,9세,중상
2018041500100368,2018년 4월 15일 18시,일요일,강원도 원주시 문막읍,중상사고,0,1,0,0,차대사람 - 길가장자리구역통행중,안전운전불이행,포장 - 건조,맑음,교차로 - 교차로부근,승용,남,72세,상해없음,보행자,남,69세,중상
2018041500100420,2018년 4월 15일 20시,일요일,강원도 정선군 사북읍,중상사고,0,1,0,0,차대사람 - 보도통행중,안전운전불이행,포장 - 건조,맑음,단일로 - 기타,승용,여,35세,상해없음,보행자,남,81세,중상
2018041600100123,2018년 4월 16일 08시,월요일,강원도 삼척시 당저동,중상사고,0,1,0,0,차대사람 - 횡단중,안전운전불이행,포장 - 건조,맑음,교차로 - 교차로안,승용,여,52세,상해없음,보행자,여,77세,중상
2018041600100220,2018년 4월 16일 11시,월요일,강원도 강릉시 주문진읍,중상사고,0,1,0,0,차대사람 - 기타,안전운전불이행,포장 - 건조,맑음,단일로 - 기타,화물,남,69세,상해없음,보행자,남,25세,중상
2018041600100417,2018년 4월 16일 17시,월요일,강원도 강릉시 입암동,경상사고,0,0,1,0,차대사람 - 기타,안전운전불이행,포장 - 건조,맑음,단일로 - 기타,승용,남,70세,상해없음,보행자,여,43세,경상
2018041600100418,2018년 4월 16일 17시,월요일,강원도 원주시 단계동,경상사고,0,0,1,0,차대사람 - 기타,안전운전불이행,포장 - 건조,맑음,단일로 - 기타,승합,남,65세,상해없음,보행자,남,19세,경상
2018041600100561,2018년 4월 16일 21시,월요일,강원도 강릉시 입암동,사망사고,1,0,0,0,차대사람 - 횡단중,신호위반,포장 - 건조,맑음,단일로 - 기타,승합,남,60세,상해없음,보행자,여,78세,사망
2018041700100177,2018년 4월 17일 10시,화요일,강원도 삼척시 남양동,경상사고,0,0,1,0,차대사람 - 기타,안전운전불이행,포장 - 건조,맑음,단일로 - 기타,승용,여,52세,상해없음,보행자,여,45세,경상
2018041700100271,2018년 4월 17일 13시,화요일,강원도 인제군 인제읍,중상사고,0,1,0,0,차대사람 - 횡단중,안전운전불이행,포장 - 건조,맑음,교차로 - 교차로부근,승용,여,41세,상해없음,보행자,남,76세,중상
2018041700100303,2018년 4월 17일 14시,화요일,강원도 강릉시 청량동,중상사고,0,1,0,0,차대사람 - 기타,안전운전불이행,포장 - 건조,맑음,단일로 - 기타,승용,남,76세,상해없음,보행자,여,79세,중상
2018041700100338,2018년 4월 17일 15시,화요일,강원도 춘천시 효자동,경상사고,0,0,1,0,차대사람 - 횡단중,보행자보호의무위반,포장 - 건조,맑음,교차로 - 교차로횡단보도내,승용,여,58세,상해없음,보행자,여,25세,경상
2018041700100373,2018년 4월 17일 16시,화요일,강원도 춘천시 우두동,중상사고,0,1,0,0,차대사람 - 기타,안전운전불이행,포장 - 건조,맑음,교차로 - 교차로안,승용,여,53세,상해없음,보행자,남,12세,중상
2018041700100425,2018년 4월 17일 17시,화요일,강원도 속초시 동명동,경상사고,0,0,1,0,차대사람 - 차도통행중,안전운전불이행,포장 - 건조,맑음,단일로 - 기타,승용,여,54세,상해없음,보행자,남,30세,경상
2018041700100460,2018년 4월 17일 18시,화요일,강원도 강릉시 입암동,중상사고,0,1,0,0,차대사람 - 기타,안전운전불이행,포장 - 건조,맑음,주차장 - 주차장,화물,남,39세,상해없음,보행자,여,82세,중상
2018041800100567,2018년 4월 18일 21시,수요일,강원도 고성군 현내면,중상사고,0,1,0,0,차대사람 - 기타,안전운전불이행,포장 - 건조,맑음,단일로 - 교량,승용,남,53세,상해없음,보행자,남,45세,중상
2018041900100464,2018년 4월 19일 18시,목요일,강원도 원주시 단구동,경상사고,0,0,1,0,차대사람 - 기타,안전운전불이행,포장 - 건조,맑음,단일로 - 기타,승용,여,44세,상해없음,보행자,여,24세,경상
2018041900100605,2018년 4월 19일 23시,목요일,강원도 태백시 황지동,중상사고,0,1,0,0,차대사람 - 기타,안전운전불이행,포장 - 건조,맑음,교차로 - 교차로부근,승용,남,62세,상해없음,보행자,남,54세,중상
2018042000100237,2018년 4월 20일 12시,금요일,강원도 원주시 명륜동,경상사고,0,0,1,0,차대사람 - 차도통행중,안전운전불이행,포장 - 건조,맑음,단일로 - 기타,승용,남,30세,상해없음,보행자,여,77세,경상
2018042000100431,2018년 4월 20일 17시,금요일,강원도 태백시 황지동,경상사고,0,0,1,0,차대사람 - 횡단중,안전운전불이행,포장 - 건조,맑음,단일로 - 기타,화물,남,79세,기타불명,보행자,남,10세,경상
2018042000100484,2018년 4월 20일 18시,금요일,강원도 춘천시 조양동,중상사고,0,1,0,0,차대사람 - 횡단중,보행자보호의무위반,포장 - 건조,맑음,교차로 - 교차로횡단보도내,화물,남,57세,상해없음,보행자,남,78세,중상
2018042000100643,2018년 4월 20일 22시,금요일,강원도 원주시 단계동,경상사고,0,0,1,0,차대사람 - 길가장자리구역통행중,안전운전불이행,포장 - 건조,맑음,교차로 - 교차로부근,승용,남,28세,상해없음,보행자,남,35세,경상
2018042100100223,2018년 4월 21일 11시,토요일,강원도 춘천시 효자동,경상사고,0,0,1,0,차대사람 - 기타,안전운전불이행,포장 - 건조,맑음,단일로 - 기타,승용,남,34세,상해없음,보행자,여,66세,경상
2018042100100224,2018년 4월 21일 11시,토요일,강원도 원주시 지정면,경상사고,0,0,1,0,차대사람 - 기타,안전운전불이행,포장 - 건조,맑음,주차장 - 주차장,승용,여,59세,상해없음,보행자,여,53세,경상
2018042100100264,2018년 4월 21일 12시,토요일,강원도 화천군 화천읍,경상사고,0,0,1,0,차대사람 - 기타,안전운전불이행,포장 - 건조,맑음,단일로 - 기타,화물,남,59세,상해없음,보행자,여,39세,경상
2018042100100326,2018년 4월 21일 14시,토요일,강원도 원주시 중앙동,중상사고,0,1,0,0,차대사람 - 길가장자리구역통행중,안전운전불이행,포장 - 건조,맑음,단일로 - 기타,승용,남,28세,상해없음,보행자,남,52세,중상
2018042100100373,2018년 4월 21일 15시,토요일,강원도 강릉시 포남동,경상사고,0,0,1,0,차대사람 - 기타,안전운전불이행,포장 - 건조,맑음,단일로 - 기타,승용,여,54세,상해없음,보행자,여,49세,경상
2018042100100603,2018년 4월 21일 20시,토요일,강원도 홍천군 홍천읍,중상사고,0,1,0,0,차대사람 - 기타,안전운전불이행,포장 - 건조,맑음,교차로 - 교차로부근,화물,남,67세,상해없음,보행자,여,52세,중상
2018042100100675,2018년 4월 21일 22시,토요일,강원도 원주시 단계동,경상사고,0,0,1,0,차대사람 - 차도통행중,안전운전불이행,포장 - 건조,맑음,단일로 - 기타,승용,여,31세,상해없음,보행자,여,18세,경상
2018042200100273,2018년 4월 22일 16시,일요일,강원도 강릉시 노암동,사망사고,1,0,0,0,차대사람 - 차도통행중,안전운전불이행,포장 - 건조,맑음,교차로 - 교차로안,화물,남,49세,상해없음,보행자,남,90세 이상,사망
2018042200100361,2018년 4월 22일 19시,일요일,강원도 춘천시 후평동,중상사고,0,1,0,0,차대사람 - 횡단중,안전운전불이행,포장 - 젖음/습기,비,단일로 - 기타,승용,남,62세,상해없음,보행자,남,37세,중상
2018042200100396,2018년 4월 22일 20시,일요일,강원도 속초시 교동,중상사고,0,1,0,0,차대사람 - 횡단중,안전운전불이행,포장 - 젖음/습기,비,단일로 - 기타,승용,남,23세,상해없음,보행자,남,49세,중상
2018042300100115,2018년 4월 23일 08시,월요일,강원도 원주시 단계동,경상사고,0,0,1,0,차대사람 - 횡단중,안전운전불이행,포장 - 건조,맑음,단일로 - 기타,승용,남,33세,상해없음,보행자,여,63세,경상
2018042300100162,2018년 4월 23일 09시,월요일,강원도 원주시 단계동,경상사고,0,0,1,0,차대사람 - 횡단중,보행자보호의무위반,포장 - 젖음/습기,비,교차로 - 교차로횡단보도내,승용,남,26세,상해없음,보행자,여,35세,경상
2018042300100311,2018년 4월 23일 14시,월요일,강원도 원주시 봉산동,중상사고,0,1,0,0,차대사람 - 횡단중,신호위반,포장 - 젖음/습기,비,교차로 - 교차로횡단보도내,이륜,남,31세,상해없음,보행자,여,20세,중상
2018042300100457,2018년 4월 23일 19시,월요일,강원도 원주시 무실동,경상사고,0,0,1,0,차대사람 - 횡단중,안전운전불이행,포장 - 젖음/습기,비,교차로 - 교차로안,기타불명,기타불명,미분류,기타불명,보행자,남,29세,경상
2018042400100021,2018년 4월 24일 01시,화요일,강원도 원주시 우산동,경상사고,0,0,1,0,차대사람 - 길가장자리구역통행중,안전운전불이행,포장 - 젖음/습기,비,단일로 - 기타,승용,남,60세,상해없음,보행자,남,60세,경상
2018042400100192,2018년 4월 24일 10시,화요일,강원도 삼척시 남양동,경상사고,0,0,1,0,차대사람 - 횡단중,기타,포장 - 젖음/습기,비,교차로 - 교차로횡단보도내,승용,여,62세,상해없음,보행자,여,72세,경상
2018042400100225,2018년 4월 24일 11시,화요일,강원도 횡성군 횡성읍,중상사고,0,1,0,0,차대사람 - 보도통행중,보행자보호의무위반,포장 - 건조,맑음,교차로 - 교차로횡단보도내,승합,여,59세,상해없음,보행자,여,85세,중상
2018042400100602,2018년 4월 24일 22시,화요일,강원도 춘천시 퇴계동,중상사고,0,1,0,0,차대사람 - 횡단중,안전운전불이행,포장 - 건조,맑음,교차로 - 교차로횡단보도내,승용,남,56세,상해없음,보행자,남,63세,중상
2018042500100560,2018년 4월 25일 21시,수요일,강원도 동해시 동회동,중상사고,0,1,0,0,차대사람 - 차도통행중,안전운전불이행,포장 - 건조,맑음,교차로 - 교차로부근,승용,남,44세,상해없음,보행자,남,54세,중상
2018042500100603,2018년 4월 25일 23시,수요일,강원도 고성군 죽왕면,사망사고,1,0,0,0,차대사람 - 차도통행중,안전운전불이행,포장 - 건조,맑음,기타 - 기타,승용,여,45세,상해없음,보행자,남,51세,사망
2018042600100139,2018년 4월 26일 09시,목요일,강원도 춘천시 옥천동,경상사고,0,0,1,0,차대사람 - 횡단중,보행자보호의무위반,포장 - 건조,맑음,교차로 - 교차로횡단보도내,승용,여,46세,상해없음,보행자,여,35세,경상
2018042600100140,2018년 4월 26일 09시,목요일,강원도 속초시 교동,경상사고,0,0,1,0,차대사람 - 횡단중,안전운전불이행,포장 - 건조,맑음,교차로 - 교차로안,기타불명,기타불명,미분류,기타불명,보행자,여,24세,경상
2018042600100330,2018년 4월 26일 15시,목요일,강원도 강릉시 교동,경상사고,0,0,1,0,차대사람 - 횡단중,보행자보호의무위반,포장 - 건조,맑음,교차로 - 교차로횡단보도내,승용,남,44세,상해없음,보행자,남,23세,경상
2018042600100363,2018년 4월 26일 16시,목요일,강원도 춘천시 후평동,경상사고,0,0,1,0,차대사람 - 횡단중,안전운전불이행,포장 - 건조,맑음,단일로 - 기타,자전거,남,10세,상해없음,보행자,여,84세,경상
2018042600100364,2018년 4월 26일 16시,목요일,강원도 홍천군 화촌면,부상신고사고,0,0,0,1,차대사람 - 차도통행중,안전운전불이행,포장 - 건조,맑음,단일로 - 기타,승용,여,50세,상해없음,보행자,여,25세,부상신고
2018042700100373,2018년 4월 27일 16시,금요일,강원도 춘천시 효자동,경상사고,0,0,1,0,차대사람 - 기타,안전거리미확보,포장 - 건조,맑음,단일로 - 기타,승용,남,56세,상해없음,보행자,남,8세,경상
2018042700100413,2018년 4월 27일 17시,금요일,강원도 춘천시 석사동,경상사고,0,0,1,0,차대사람 - 횡단중,안전운전불이행,포장 - 건조,맑음,단일로 - 기타,승합,여,66세,상해없음,보행자,남,8세,경상
2018042800100067,2018년 4월 28일 03시,토요일,강원도 춘천시 후평동,부상신고사고,0,0,0,1,차대사람 - 기타,안전운전불이행,포장 - 건조,맑음,교차로 - 교차로안,이륜,남,16세,상해없음,보행자,남,20세,부상신고
2018042800100336,2018년 4월 28일 13시,토요일,강원도 춘천시 석사동,경상사고,0,0,1,0,차대사람 - 보도통행중,안전운전불이행,포장 - 건조,맑음,단일로 - 기타,화물,남,75세,상해없음,보행자,여,24세,경상
2018042800100482,2018년 4월 28일 17시,토요일,강원도 영월군 영월읍,부상신고사고,0,0,0,1,차대사람 - 차도통행중,안전운전불이행,포장 - 건조,맑음,주차장 - 주차장,승용,여,58세,상해없음,보행자,남,49세,부상신고
2018042800100520,2018년 4월 28일 18시,토요일,강원도 춘천시 효자동,중상사고,0,1,1,0,차대사람 - 기타,안전운전불이행,포장 - 건조,맑음,단일로 - 기타,화물,남,45세,상해없음,보행자,여,90세 이상,중상
2018042800100521,2018년 4월 28일 18시,토요일,강원도 평창군 진부면,중상사고,0,1,0,0,차대사람 - 횡단중,안전운전불이행,포장 - 건조,맑음,교차로 - 교차로안,화물,남,39세,상해없음,보행자,여,65세,중상
2018042800100583,2018년 4월 28일 20시,토요일,강원도 원주시 무실동,경상사고,0,0,1,0,차대사람 - 횡단중,보행자보호의무위반,포장 - 건조,맑음,교차로 - 교차로안,승용,남,30세,상해없음,보행자,여,47세,경상
2018042900100125,2018년 4월 29일 09시,일요일,강원도 영월군 영월읍,중상사고,0,1,0,0,차대사람 - 횡단중,안전운전불이행,포장 - 건조,맑음,단일로 - 기타,승용,여,84세,상해없음,보행자,여,77세,중상
2018042900100266,2018년 4월 29일 14시,일요일,강원도 속초시 대포동,중상사고,0,1,0,0,차대사람 - 길가장자리구역통행중,안전운전불이행,포장 - 건조,맑음,단일로 - 기타,승용,남,58세,상해없음,보행자,남,63세,중상
2018042900100481,2018년 4월 29일 20시,일요일,강원도 원주시 신림면,사망사고,1,0,0,0,차대사람 - 횡단중,안전운전불이행,포장 - 건조,맑음,교차로 - 교차로안,화물,남,60세,상해없음,보행자,남,42세,사망
2018042900100531,2018년 4월 29일 22시,일요일,강원도 원주시 흥업면,중상사고,0,1,1,0,차대사람 - 길가장자리구역통행중,안전운전불이행,포장 - 건조,맑음,주차장 - 주차장,승용,남,21세,상해없음,보행자,남,27세,중상
2018043000100252,2018년 4월 30일 12시,월요일,강원도 춘천시 효자동,경상사고,0,0,1,0,차대사람 - 횡단중,보행자보호의무위반,포장 - 건조,맑음,교차로 - 교차로부근,승용,남,56세,상해없음,보행자,남,22세,경상
2018043000100253,2018년 4월 30일 12시,월요일,강원도 원주시 태장동,중상사고,0,1,0,0,차대사람 - 횡단중,보행자보호의무위반,포장 - 건조,맑음,단일로 - 기타,화물,남,45세,상해없음,보행자,남,57세,중상
2018043000100320,2018년 4월 30일 14시,월요일,강원도 원주시 개운동,중상사고,0,1,0,0,차대사람 - 길가장자리구역통행중,안전운전불이행,포장 - 건조,맑음,단일로 - 기타,화물,남,51세,상해없음,보행자,여,77세,중상
2018050100100144,2018년 5월 1일 09시,화요일,강원도 정선군 정선읍,중상사고,0,1,0,0,차대사람 - 횡단중,안전운전불이행,포장 - 건조,맑음,교차로 - 교차로횡단보도내,화물,남,67세,상해없음,보행자,여,53세,중상
2018050100100277,2018년 5월 1일 14시,화요일,강원도 원주시 평원동,경상사고,0,0,1,0,차대사람 - 길가장자리구역통행중,안전운전불이행,포장 - 건조,맑음,단일로 - 기타,승용,남,49세,상해없음,보행자,남,57세,경상
2018050100100425,2018년 5월 1일 19시,화요일,강원도 동해시 발한동,중상사고,0,1,0,0,차대사람 - 횡단중,안전운전불이행,포장 - 건조,흐림,교차로 - 교차로안,승용,여,71세,상해없음,보행자,남,59세,중상
2018050200100043,2018년 5월 2일 04시,수요일,강원도 정선군 사북읍,경상사고,0,0,1,0,차대사람 - 횡단중,안전운전불이행,포장 - 젖음/습기,비,단일로 - 기타,승용,남,62세,상해없음,보행자,남,76세,경상
2018050200100269,2018년 5월 2일 12시,수요일,강원도 원주시 단계동,경상사고,0,0,1,0,차대사람 - 길가장자리구역통행중,안전운전불이행,포장 - 건조,맑음,단일로 - 기타,승용,여,49세,상해없음,보행자,여,54세,경상
2018050200100270,2018년 5월 2일 12시,수요일,강원도 원주시 중앙동,경상사고,0,0,1,0,차대사람 - 차도통행중,안전운전불이행,포장 - 건조,맑음,단일로 - 기타,승용,남,25세,상해없음,보행자,남,59세,경상
2018050200100624,2018년 5월 2일 23시,수요일,강원도 원주시 단계동,경상사고,0,0,1,0,차대사람 - 길가장자리구역통행중,안전운전불이행,포장 - 건조,맑음,단일로 - 기타,승합,남,65세,상해없음,보행자,남,42세,경상
2018050300100131,2018년 5월 3일 08시,목요일,강원도 원주시 우산동,중상사고,0,1,0,0,차대사람 - 차도통행중,안전운전불이행,포장 - 건조,맑음,단일로 - 기타,승용,여,39세,상해없음,보행자,여,60세,중상
2018050300100289,2018년 5월 3일 13시,목요일,강원도 영월군 영월읍,부상신고사고,0,0,0,1,차대사람 - 길가장자리구역통행중,안전운전불이행,포장 - 건조,흐림,단일로 - 지하차도(도로)내,화물,남,74세,상해없음,보행자,여,74세,부상신고
2018050300100446,2018년 5월 3일 17시,목요일,강원도 화천군 화천읍,경상사고,0,0,1,0,차대사람 - 횡단중,안전운전불이행,포장 - 젖음/습기,비,단일로 - 기타,승용,남,52세,상해없음,보행자,남,12세,경상
2018050300100598,2018년 5월 3일 21시,목요일,강원도 동해시 천곡동,경상사고,0,0,1,0,차대사람 - 횡단중,안전운전불이행,포장 - 건조,맑음,단일로 - 기타,승용,남,23세,상해없음,보행자,남,63세,경상
2018050400100113,2018년 5월 4일 08시,금요일,강원도 춘천시 석사동,중상사고,0,1,0,0,차대사람 - 횡단중,안전운전불이행,포장 - 건조,맑음,단일로 - 기타,승용,여,49세,상해없음,보행자,남,8세,중상
2018050400100148,2018년 5월 4일 09시,금요일,강원도 정선군 정선읍,경상사고,0,0,1,0,차대사람 - 길가장자리구역통행중,안전운전불이행,포장 - 건조,맑음,단일로 - 기타,화물,남,30세,상해없음,보행자,여,17세,경상
2018050400100266,2018년 5월 4일 13시,금요일,강원도 인제군 서화면,경상사고,0,0,1,0,차대사람 - 횡단중,보행자보호의무위반,포장 - 건조,맑음,교차로 - 교차로횡단보도내,승용,남,19세,상해없음,보행자,남,8세,경상
2018050400100318,2018년 5월 4일 14시,금요일,강원도 원주시 학성동,부상신고사고,0,0,0,1,차대사람 - 보도통행중,안전운전불이행,포장 - 건조,맑음,교차로 - 교차로안,건설기계,남,44세,상해없음,보행자,여,77세,부상신고
2018050400100460,2018년 5월 4일 17시,금요일,강원도 태백시 장성동,경상사고,0,0,1,0,차대사람 - 차도통행중,안전운전불이행,포장 - 건조,맑음,단일로 - 기타,화물,남,53세,상해없음,보행자,여,71세,경상
2018050500100146,2018년 5월 5일 08시,토요일,강원도 강릉시 노암동,중상사고,0,1,0,0,차대사람 - 횡단중,안전운전불이행,포장 - 건조,맑음,교차로 - 교차로부근,승용,남,37세,상해없음,보행자,남,84세,중상
2018050500100404,2018년 5월 5일 16시,토요일,강원도 속초시 조양동,중상사고,0,1,0,0,차대사람 - 횡단중,안전운전불이행,포장 - 건조,맑음,교차로 - 교차로부근,화물,남,78세,상해없음,보행자,남,66세,중상
2018050500100520,2018년 5월 5일 19시,토요일,강원도 강릉시 옥천동,경상사고,0,0,1,0,차대사람 - 기타,안전운전불이행,포장 - 건조,맑음,주차장 - 주차장,승용,남,61세,상해없음,보행자,남,62세,경상
2018050500100637,2018년 5월 5일 23시,토요일,강원도 정선군 북평면,중상사고,0,1,0,0,차대사람 - 횡단중,안전운전불이행,포장 - 건조,맑음,단일로 - 기타,승용,남,28세,상해없음,보행자,남,55세,중상
2018050600100213,2018년 5월 6일 13시,일요일,강원도 춘천시 효자동,경상사고,0,0,1,0,차대사람 - 차도통행중,안전운전불이행,포장 - 건조,맑음,단일로 - 기타,승용,남,33세,상해없음,보행자,남,13세,경상
2018050600100347,2018년 5월 6일 19시,일요일,강원도 강릉시 포남동,경상사고,0,0,2,0,차대사람 - 횡단중,보행자보호의무위반,포장 - 젖음/습기,맑음,단일로 - 기타,승용,남,47세,상해없음,보행자,남,26세,경상
2018050700100227,2018년 5월 7일 13시,월요일,강원도 원주시 우산동,부상신고사고,0,0,0,1,차대사람 - 길가장자리구역통행중,안전운전불이행,포장 - 건조,맑음,단일로 - 기타,원동기,남,74세,상해없음,보행자,남,58세,부상신고
2018050700100462,2018년 5월 7일 20시,월요일,강원도 동해시 천곡동,경상사고,0,0,1,0,차대사람 - 차도통행중,안전운전불이행,포장 - 젖음/습기,비,교차로 - 교차로안,승용,남,29세,상해없음,보행자,여,26세,경상
2018050700100493,2018년 5월 7일 21시,월요일,강원도 속초시 조양동,경상사고,0,0,1,0,차대사람 - 차도통행중,안전운전불이행,포장 - 젖음/습기,비,교차로 - 교차로안,승용,남,27세,상해없음,보행자,여,56세,경상
2018050800100009,2018년 5월 8일 00시,화요일,강원도 속초시 교동,경상사고,0,0,1,0,차대사람 - 차도통행중,안전운전불이행,포장 - 젖음/습기,비,단일로 - 기타,승용,남,49세,상해없음,보행자,남,58세,경상
2018050800100039,2018년 5월 8일 03시,화요일,강원도 춘천시 신북읍,중상사고,0,1,0,0,차대사람 - 차도통행중,안전운전불이행,포장 - 건조,맑음,단일로 - 기타,화물,남,54세,상해없음,보행자,남,41세,중상
2018050800100177,2018년 5월 8일 10시,화요일,강원도 원주시 태장동,경상사고,0,0,1,0,차대사람 - 길가장자리구역통행중,안전운전불이행,포장 - 건조,흐림,단일로 - 기타,화물,남,47세,상해없음,보행자,여,66세,경상
2018050800100231,2018년 5월 8일 12시,화요일,강원도 원주시 무실동,경상사고,0,0,3,0,차대사람 - 기타,안전운전불이행,비포장 - 건조,맑음,주차장 - 주차장,승용,여,52세,상해없음,보행자,여,59세,경상
2018050900100067,2018년 5월 9일 07시,수요일,강원도 원주시 관설동,경상사고,0,0,1,0,차대사람 - 길가장자리구역통행중,안전운전불이행,포장 - 건조,맑음,단일로 - 기타,승용,여,46세,상해없음,보행자,남,45세,경상
2018050900100107,2018년 5월 9일 08시,수요일,강원도 춘천시 퇴계동,경상사고,0,0,1,0,차대사람 - 횡단중,신호위반,포장 - 건조,맑음,교차로 - 교차로횡단보도내,승용,남,79세,상해없음,보행자,남,5세,경상
2018050900100206,2018년 5월 9일 11시,수요일,강원도 춘천시 효자동,경상사고,0,0,1,0,차대사람 - 기타,안전운전불이행,포장 - 건조,맑음,기타 - 기타,승용,남,63세,기타불명,보행자,여,59세,경상
2018050900100239,2018년 5월 9일 12시,수요일,강원도 춘천시 운교동,중상사고,0,1,0,0,차대사람 - 기타,안전거리미확보,포장 - 건조,맑음,단일로 - 기타,승용,여,71세,상해없음,보행자,남,32세,중상
2018050900100240,2018년 5월 9일 12시,수요일,강원도 원주시 단계동,중상사고,0,1,0,0,차대사람 - 횡단중,보행자보호의무위반,포장 - 건조,맑음,교차로 - 교차로횡단보도내,화물,남,33세,상해없음,보행자,여,27세,중상
2018050900100309,2018년 5월 9일 14시,수요일,강원도 춘천시 효자동,부상신고사고,0,0,0,1,차대사람 - 기타,안전거리미확보,포장 - 건조,맑음,단일로 - 기타,승용,남,49세,상해없음,보행자,남,29세,부상신고
2018050900100348,2018년 5월 9일 15시,수요일,강원도 강릉시 회산동,경상사고,0,0,1,0,차대사람 - 기타,신호위반,포장 - 건조,맑음,교차로 - 교차로안,승용,남,48세,상해없음,보행자,여,8세,경상
2018050900100483,2018년 5월 9일 18시,수요일,강원도 속초시 교동,경상사고,0,0,1,0,차대사람 - 길가장자리구역통행중,안전운전불이행,포장 - 건조,맑음,단일로 - 기타,승용,여,57세,상해없음,보행자,남,37세,경상
2018050900100573,2018년 5월 9일 21시,수요일,강원도 원주시 우산동,부상신고사고,0,0,0,1,차대사람 - 기타,안전운전불이행,포장 - 건조,맑음,단일로 - 기타,기타불명,기타불명,미분류,기타불명,보행자,여,31세,부상신고
2018051000100126,2018년 5월 10일 08시,목요일,강원도 동해시 발한동,경상사고,0,0,1,0,차대사람 - 횡단중,안전운전불이행,포장 - 건조,맑음,교차로 - 교차로부근,승용,여,50세,상해없음,보행자,여,17세,경상
2018051000100296,2018년 5월 10일 13시,목요일,강원도 횡성군 횡성읍,중상사고,0,1,0,0,차대사람 - 횡단중,안전운전불이행,포장 - 건조,맑음,단일로 - 기타,승용,여,63세,상해없음,보행자,여,81세,중상
2018051000100446,2018년 5월 10일 17시,목요일,강원도 속초시 동명동,경상사고,0,0,1,0,차대사람 - 횡단중,보행자보호의무위반,포장 - 건조,맑음,교차로 - 교차로횡단보도내,승용,남,51세,상해없음,보행자,여,8세,경상