사고번호,사고일시,요일,시군구,사고내용,사망자수,중상자수,경상자수,부상신고자수,사고유형,법규위반,노면상태,기상상태,도로형태,가해운전자 차종,가해운전자 성별,가해운전자 연령,가해운전자 상해정도,피해운전자 차종,피해운전자 성별,피해운전자 연령,피해운전자 상해정도
2018061200100380,2018년 6월 12일 16시,화요일,강원도 태백시 황지동,경상사고,0,0,1,0,차대사람 - 횡단중,보행자보호의무위반,포장 - 건조,맑음,교차로 - 교차로안,승용,여,40세,상해없음,보행자,여,51세,경상
2018061200100429,2018년 6월 12일 17시,화요일,강원도 속초시 교동,중상사고,0,1,0,0,차대사람 - 횡단중,신호위반,포장 - 건조,맑음,교차로 - 교차로횡단보도내,승용,남,65세,상해없음,보행자,여,67세,중상
2018061200100568,2018년 6월 12일 20시,화요일,강원도 원주시 봉산동,중상사고,0,1,0,0,차대사람 - 횡단중,안전운전불이행,포장 - 건조,맑음,단일로 - 기타,승용,남,36세,상해없음,보행자,남,57세,중상
2018061200100570,2018년 6월 12일 20시,화요일,강원도 철원군 갈말읍,중상사고,0,1,0,0,차대사람 - 기타,안전운전불이행,포장 - 건조,맑음,단일로 - 기타,승합,남,54세,상해없음,보행자,여,25세,중상
2018061200100597,2018년 6월 12일 21시,화요일,강원도 춘천시 교동,경상사고,0,0,1,0,차대사람 - 횡단중,보행자보호의무위반,포장 - 건조,맑음,교차로 - 교차로횡단보도내,승용,남,44세,상해없음,보행자,남,22세,경상
2018061200100632,2018년 6월 12일 22시,화요일,강원도 속초시 조양동,경상사고,0,0,1,0,차대사람 - 기타,안전운전불이행,포장 - 건조,맑음,주차장 - 주차장,화물,남,62세,상해없음,보행자,남,45세,경상
2018061200100661,2018년 6월 12일 23시,화요일,강원도 춘천시 효자동,중상사고,0,1,0,0,차대사람 - 횡단중,안전운전불이행,포장 - 건조,맑음,단일로 - 기타,승용,여,41세,상해없음,보행자,여,18세,중상
2018061300100138,2018년 6월 13일 08시,수요일,강원도 횡성군 우천면,중상사고,0,1,0,0,차대사람 - 횡단중,안전운전불이행,포장 - 건조,맑음,교차로 - 교차로안,승용,남,82세,상해없음,보행자,여,미분류,중상
2018061300100175,2018년 6월 13일 10시,수요일,강원도 삼척시 남양동,경상사고,0,0,1,0,차대사람 - 차도통행중,안전운전불이행,포장 - 건조,맑음,교차로 - 교차로안,승용,남,71세,상해없음,보행자,남,69세,경상
2018061400100419,2018년 6월 14일 17시,목요일,강원도 춘천시 효자동,경상사고,0,0,1,0,차대사람 - 차도통행중,안전운전불이행,포장 - 건조,맑음,단일로 - 기타,화물,남,24세,상해없음,보행자,여,51세,경상
2018061400100520,2018년 6월 14일 19시,목요일,강원도 강릉시 성남동,중상사고,0,1,0,0,차대사람 - 기타,안전운전불이행,포장 - 건조,맑음,단일로 - 기타,승용,남,76세,상해없음,보행자,여,55세,중상
2018061500100016,2018년 6월 15일 01시,금요일,강원도 속초시 조양동,경상사고,0,0,1,0,차대사람 - 횡단중,안전운전불이행,포장 - 건조,맑음,교차로 - 교차로안,승합,남,59세,상해없음,보행자,남,58세,경상
2018061500100168,2018년 6월 15일 10시,금요일,강원도 강릉시 주문진읍,중상사고,0,1,0,0,차대사람 - 횡단중,보행자보호의무위반,포장 - 건조,맑음,교차로 - 교차로횡단보도내,화물,남,70세,상해없음,보행자,여,54세,중상
2018061500100169,2018년 6월 15일 10시,금요일,강원도 홍천군 남면,중상사고,0,1,0,0,차대사람 - 횡단중,안전운전불이행,포장 - 건조,맑음,교차로 - 교차로안,화물,남,47세,상해없음,보행자,남,75세,중상
2018061500100434,2018년 6월 15일 17시,금요일,강원도 강릉시 포남동,경상사고,0,0,1,0,차대사람 - 기타,기타,포장 - 건조,맑음,단일로 - 기타,화물,남,56세,상해없음,보행자,여,52세,경상
2018061500100531,2018년 6월 15일 19시,금요일,강원도 원주시 평원동,중상사고,0,1,0,0,차대사람 - 기타,안전운전불이행,포장 - 건조,맑음,기타 - 기타,승용,남,55세,상해없음,보행자,남,85세,중상
2018061500100638,2018년 6월 15일 22시,금요일,강원도 강릉시 교동,경상사고,0,0,1,0,차대사람 - 기타,안전운전불이행,포장 - 건조,맑음,단일로 - 기타,승용,남,58세,상해없음,보행자,남,43세,경상
2018061600100589,2018년 6월 16일 22시,토요일,강원도 원주시 소초면,중상사고,0,1,0,0,차대사람 - 횡단중,신호위반,포장 - 건조,맑음,교차로 - 교차로횡단보도내,이륜,남,18세,상해없음,보행자,여,66세,중상
2018061700100376,2018년 6월 17일 19시,일요일,강원도 원주시 명륜동,경상사고,0,0,1,0,차대사람 - 횡단중,안전운전불이행,포장 - 건조,맑음,단일로 - 기타,승용,남,61세,상해없음,보행자,남,34세,경상
2018061800100104,2018년 6월 18일 08시,월요일,강원도 원주시 단계동,경상사고,0,0,1,0,차대사람 - 횡단중,보행자보호의무위반,포장 - 건조,맑음,교차로 - 교차로횡단보도내,승용,남,27세,상해없음,보행자,남,30세,경상
2018061800100156,2018년 6월 18일 09시,월요일,강원도 강릉시 노암동,중상사고,0,1,0,0,차대사람 - 횡단중,안전운전불이행,포장 - 건조,맑음,교차로 - 교차로안,사륜오토바이(ATV),남,80세,상해없음,보행자,여,78세,중상
2018061800100289,2018년 6월 18일 13시,월요일,강원도 춘천시 후평동,중상사고,0,1,0,0,차대사람 - 차도통행중,안전운전불이행,포장 - 건조,맑음,교차로 - 교차로안,승용,남,78세,상해없음,보행자,여,77세,중상
2018061800100359,2018년 6월 18일 15시,월요일,강원도 양양군 양양읍,중상사고,0,1,0,0,차대사람 - 횡단중,기타,포장 - 건조,맑음,단일로 - 지하차도(도로)내,승용,남,55세,상해없음,보행자,남,8세,중상
2018061800100404,2018년 6월 18일 16시,월요일,강원도 원주시 개운동,경상사고,0,0,1,0,차대사람 - 기타,안전운전불이행,포장 - 건조,맑음,단일로 - 기타,승용,여,47세,상해없음,보행자,여,17세,경상
2018061800100406,2018년 6월 18일 16시,월요일,강원도 철원군 갈말읍,경상사고,0,0,1,0,차대사람 - 횡단중,안전운전불이행,포장 - 건조,맑음,교차로 - 교차로안,승용,남,73세,상해없음,보행자,여,70세,경상
2018061800100675,2018년 6월 18일 23시,월요일,강원도 강릉시 금학동,경상사고,0,0,1,0,차대사람 - 기타,안전운전불이행,포장 - 건조,맑음,단일로 - 기타,승용,여,31세,상해없음,보행자,남,48세,경상
2018061900100103,2018년 6월 19일 08시,화요일,강원도 원주시 명륜동,경상사고,0,0,1,0,차대사람 - 횡단중,안전운전불이행,포장 - 건조,맑음,교차로 - 교차로안,자전거,남,19세,기타불명,보행자,여,69세,경상
2018061900100374,2018년 6월 19일 16시,화요일,강원도 삼척시 남양동,경상사고,0,0,1,0,차대사람 - 횡단중,안전운전불이행,포장 - 건조,맑음,단일로 - 기타,승용,남,68세,상해없음,보행자,여,24세,경상
2018061900100415,2018년 6월 19일 17시,화요일,강원도 춘천시 효자동,경상사고,0,0,1,0,차대사람 - 기타,신호위반,포장 - 건조,맑음,단일로 - 기타,기타불명,기타불명,미분류,기타불명,보행자,남,8세,경상
2018061900100492,2018년 6월 19일 19시,화요일,강원도 속초시 동명동,경상사고,0,0,1,0,차대사람 - 길가장자리구역통행중,안전운전불이행,포장 - 건조,맑음,단일로 - 지하차도(도로)내,승용,남,45세,상해없음,보행자,남,7세,경상
2018062000100052,2018년 6월 20일 05시,수요일,강원도 삼척시 원덕읍,경상사고,0,0,1,0,차대사람 - 기타,안전운전불이행,포장 - 건조,맑음,단일로 - 기타,화물,남,69세,상해없음,보행자,여,69세,경상
2018062000100244,2018년 6월 20일 13시,수요일,강원도 춘천시 남산면,중상사고,0,1,0,0,차대사람 - 기타,안전운전불이행,포장 - 건조,맑음,단일로 - 기타,승용,여,57세,상해없음,보행자,남,61세,중상
2018062000100435,2018년 6월 20일 18시,수요일,강원도 춘천시 서면,중상사고,0,1,1,0,차대사람 - 횡단중,안전운전불이행,포장 - 건조,맑음,단일로 - 기타,자전거,남,57세,경상,보행자,남,8세,중상
2018062000100506,2018년 6월 20일 20시,수요일,강원도 삼척시 남양동,경상사고,0,0,1,0,차대사람 - 횡단중,보행자보호의무위반,포장 - 건조,맑음,단일로 - 기타,승용,남,60세,상해없음,보행자,남,52세,경상
2018062000100590,2018년 6월 20일 23시,수요일,강원도 횡성군 횡성읍,경상사고,0,0,1,0,차대사람 - 차도통행중,안전운전불이행,포장 - 건조,맑음,교차로 - 교차로안,승용,남,64세,상해없음,보행자,남,15세,경상
2018062100100113,2018년 6월 21일 08시,목요일,강원도 춘천시 석사동,중상사고,0,1,0,0,차대사람 - 기타,안전운전불이행,포장 - 건조,맑음,교차로 - 교차로부근,승용,여,48세,상해없음,보행자,남,83세,중상
2018062100100213,2018년 6월 21일 11시,목요일,강원도 삼척시 미로면,중상사고,0,1,0,0,차대사람 - 횡단중,안전운전불이행,포장 - 건조,맑음,단일로 - 기타,승용,남,33세,상해없음,보행자,남,64세,중상
2018062100100244,2018년 6월 21일 12시,목요일,강원도 강릉시 사천면,경상사고,0,0,1,0,차대사람 - 기타,안전운전불이행,포장 - 건조,맑음,단일로 - 기타,승합,남,55세,상해없음,보행자,여,75세,경상
2018062100100479,2018년 6월 21일 18시,목요일,강원도 원주시 명륜동,경상사고,0,0,1,0,차대사람 - 길가장자리구역통행중,안전운전불이행,포장 - 건조,맑음,단일로 - 기타,화물,남,60세,상해없음,보행자,남,47세,경상
2018062100100557,2018년 6월 21일 20시,목요일,강원도 인제군 기린면,중상사고,0,1,0,0,차대사람 - 횡단중,안전운전불이행,포장 - 건조,맑음,단일로 - 기타,승용,남,42세,상해없음,보행자,남,10세,중상
2018062100100624,2018년 6월 21일 22시,목요일,강원도 강릉시 성남동,경상사고,0,0,1,0,차대사람 - 길가장자리구역통행중,안전운전불이행,포장 - 건조,맑음,단일로 - 기타,승용,남,25세,상해없음,보행자,남,74세,경상
2018062200100009,2018년 6월 22일 00시,금요일,강원도 강릉시 성남동,중상사고,0,1,0,0,차대사람 - 기타,안전운전불이행,포장 - 건조,맑음,단일로 - 기타,승용,남,65세,상해없음,보행자,남,60세,중상
2018062200100142,2018년 6월 22일 08시,금요일,강원도 속초시 교동,중상사고,0,1,0,0,차대사람 - 횡단중,신호위반,포장 - 건조,맑음,교차로 - 교차로안,승용,여,48세,상해없음,보행자,여,62세,중상
2018062200100236,2018년 6월 22일 11시,금요일,강원도 횡성군 횡성읍,중상사고,0,1,0,0,차대사람 - 보도통행중,기타,포장 - 건조,맑음,단일로 - 기타,승용,여,50세,상해없음,보행자,남,61세,중상
2018062300100050,2018년 6월 23일 02시,토요일,강원도 원주시 단구동,경상사고,0,0,1,0,차대사람 - 기타,안전운전불이행,포장 - 건조,맑음,단일로 - 기타,승용,남,54세,상해없음,보행자,여,42세,경상
2018062300100170,2018년 6월 23일 10시,토요일,강원도 춘천시 죽림동,경상사고,0,0,1,0,차대사람 - 횡단중,신호위반,포장 - 건조,맑음,단일로 - 기타,승용,남,58세,상해없음,보행자,여,78세,경상
2018062300100210,2018년 6월 23일 11시,토요일,강원도 원주시 반곡동,경상사고,0,0,1,0,차대사람 - 길가장자리구역통행중,안전운전불이행,포장 - 건조,맑음,단일로 - 기타,화물,남,64세,상해없음,보행자,여,8세,경상
2018062300100402,2018년 6월 23일 16시,토요일,강원도 홍천군 홍천읍,중상사고,0,1,0,0,차대사람 - 기타,안전운전불이행,포장 - 건조,맑음,주차장 - 주차장,승용,여,54세,상해없음,보행자,남,24세,중상
2018062300100463,2018년 6월 23일 18시,토요일,강원도 화천군 하남면,중상사고,0,1,0,0,차대사람 - 기타,안전운전불이행,포장 - 건조,맑음,기타 - 기타,승용,여,64세,상해없음,보행자,여,77세,중상
2018062400100008,2018년 6월 24일 00시,일요일,강원도 횡성군 횡성읍,경상사고,0,0,1,0,차대사람 - 횡단중,안전운전불이행,포장 - 건조,맑음,교차로 - 교차로안,화물,남,46세,상해없음,보행자,남,63세,경상
2018062400100081,2018년 6월 24일 06시,일요일,강원도 원주시 원동,중상사고,0,3,0,0,차대사람 - 횡단중,안전운전불이행,포장 - 건조,맑음,단일로 - 기타,이륜,남,18세,중상,보행자,여,67세,중상
2018062400100433,2018년 6월 24일 22시,일요일,강원도 속초시 교동,경상사고,0,0,1,0,차대사람 - 기타,안전운전불이행,포장 - 건조,맑음,단일로 - 기타,승용,남,53세,상해없음,보행자,여,25세,경상
2018062500100159,2018년 6월 25일 09시,월요일,강원도 고성군 거진읍,경상사고,0,0,2,0,차대사람 - 기타,안전운전불이행,포장 - 건조,맑음,기타 - 기타,승용,여,54세,상해없음,보행자,남,59세,경상
2018062500100639,2018년 6월 25일 21시,월요일,강원도 원주시 귀래면,중상사고,0,1,0,0,차대사람 - 횡단중,안전운전불이행,포장 - 건조,맑음,단일로 - 기타,화물,여,53세,상해없음,보행자,남,66세,중상
2018062500100640,2018년 6월 25일 21시,월요일,강원도 속초시 대포동,중상사고,0,1,0,0,차대사람 - 횡단중,안전운전불이행,포장 - 건조,맑음,단일로 - 지하차도(도로)내,승용,남,56세,상해없음,보행자,남,3세,중상
2018062600100137,2018년 6월 26일 08시,화요일,강원도 춘천시 소양로3가,중상사고,0,1,0,0,차대사람 - 횡단중,안전운전불이행,포장 - 젖음/습기,비,단일로 - 기타,승용,남,35세,상해없음,보행자,여,48세,중상
2018062600100219,2018년 6월 26일 10시,화요일,강원도 화천군 간동면,중상사고,0,1,0,0,차대사람 - 기타,안전운전불이행,포장 - 젖음/습기,비,교차로 - 교차로부근,승용,남,36세,상해없음,보행자,남,70세,중상
2018062600100362,2018년 6월 26일 15시,화요일,강원도 강릉시 입암동,경상사고,0,0,1,0,차대사람 - 기타,안전운전불이행,포장 - 건조,맑음,교차로 - 교차로횡단보도내,승용,여,36세,상해없음,보행자,여,54세,경상
2018062600100615,2018년 6월 26일 22시,화요일,강원도 춘천시 퇴계동,중상사고,0,1,0,0,차대사람 - 보도통행중,안전운전불이행,포장 - 젖음/습기,비,단일로 - 기타,승용,여,50세,상해없음,보행자,여,38세,중상
2018062700100189,2018년 6월 27일 11시,수요일,강원도 강릉시 왕산면,중상사고,0,1,0,0,차대사람 - 기타,중앙선침범,포장 - 건조,맑음,단일로 - 기타,승용,남,56세,상해없음,보행자,여,58세,중상
2018062700100257,2018년 6월 27일 14시,수요일,강원도 횡성군 우천면,중상사고,0,1,0,0,차대사람 - 기타,안전운전불이행,포장 - 건조,맑음,주차장 - 주차장,화물,남,36세,상해없음,보행자,남,38세,중상
2018062700100363,2018년 6월 27일 17시,수요일,강원도 원주시 단계동,부상신고사고,0,0,0,1,차대사람 - 횡단중,안전운전불이행,포장 - 건조,맑음,단일로 - 기타,승합,남,59세,상해없음,보행자,여,27세,부상신고
2018062800100131,2018년 6월 28일 08시,목요일,강원도 양양군 서면,사망사고,1,0,0,0,차대사람 - 횡단중,안전운전불이행,포장 - 건조,맑음,단일로 - 기타,승용,남,62세,상해없음,보행자,여,80세,사망
2018062800100350,2018년 6월 28일 16시,목요일,강원도 양구군 양구읍,중상사고,0,1,0,0,차대사람 - 차도통행중,안전운전불이행,포장 - 젖음/습기,비,교차로 - 교차로안,승합,여,29세,상해없음,보행자,여,74세,중상
2018062900100008,2018년 6월 29일 00시,금요일,강원도 춘천시 효자동,경상사고,0,0,1,0,차대사람 - 보도통행중,보행자보호의무위반,포장 - 건조,맑음,교차로 - 교차로안,승용,남,28세,상해없음,보행자,여,64세,경상
2018062900100420,2018년 6월 29일 17시,금요일,강원도 인제군 인제읍,중상사고,0,1,0,0,차대사람 - 차도통행중,안전운전불이행,포장 - 건조,맑음,단일로 - 기타,승용,여,39세,상해없음,보행자,남,12세,중상
2018062900100466,2018년 6월 29일 18시,금요일,강원도 양양군 양양읍,경상사고,0,0,1,0,차대사람 - 횡단중,중앙선침범,포장 - 건조,맑음,기타 - 기타,승용,남,50세,상해없음,보행자,남,8세,경상
2018063000100347,2018년 6월 30일 16시,토요일,강원도 삼척시 교동,경상사고,0,0,1,0,차대사람 - 차도통행중,안전운전불이행,포장 - 건조,맑음,단일로 - 기타,승용,남,28세,상해없음,보행자,여,79세,경상
2018063000100517,2018년 6월 30일 22시,토요일,강원도 원주시 무실동,경상사고,0,0,2,0,차대사람 - 기타,안전운전불이행,포장 - 건조,맑음,교차로 - 교차로부근,승용,남,38세,상해없음,보행자,남,60세,경상
2018063000100536,2018년 6월 30일 23시,토요일,강원도 강릉시 송정동,중상사고,0,1,1,0,차대사람 - 차도통행중,안전운전불이행,포장 - 건조,맑음,단일로 - 기타,승용,남,47세,상해없음,보행자,여,43세,경상
2018070100100093,2018년 7월 1일 07시,일요일,강원도 원주시 문막읍,중상사고,0,1,0,0,차대사람 - 기타,안전운전불이행,포장 - 건조,맑음,단일로 - 기타,화물,남,57세,상해없음,보행자,남,57세,중상
2018070100100376,2018년 7월 1일 20시,일요일,강원도 속초시 장사동,중상사고,0,1,0,0,차대사람 - 횡단중,안전운전불이행,포장 - 젖음/습기,비,단일로 - 지하차도(도로)내,승용,남,57세,상해없음,보행자,여,44세,중상
2018070100100483,2018년 7월 1일 23시,일요일,강원도 원주시 단구동,경상사고,0,0,1,0,차대사람 - 길가장자리구역통행중,신호위반,포장 - 젖음/습기,비,단일로 - 기타,승용,남,24세,상해없음,보행자,남,27세,경상
2018070200100010,2018년 7월 2일 00시,월요일,강원도 춘천시 우두동,경상사고,0,0,1,0,차대사람 - 기타,보행자보호의무위반,포장 - 건조,맑음,단일로 - 기타,승용,남,25세,상해없음,보행자,남,38세,경상
2018070200100120,2018년 7월 2일 08시,월요일,강원도 원주시 단계동,중상사고,0,1,0,0,차대사람 - 횡단중,보행자보호의무위반,포장 - 건조,맑음,단일로 - 기타,승용,남,55세,상해없음,보행자,남,28세,중상
2018070200100326,2018년 7월 2일 15시,월요일,강원도 춘천시 근화동,중상사고,0,1,0,0,차대사람 - 횡단중,보행자보호의무위반,포장 - 젖음/습기,비,단일로 - 기타,승용,여,71세,상해없음,보행자,여,61세,중상
2018070300100010,2018년 7월 3일 00시,화요일,강원도 원주시 무실동,경상사고,0,0,1,0,차대사람 - 횡단중,안전운전불이행,포장 - 건조,맑음,단일로 - 기타,승용,남,48세,상해없음,보행자,남,44세,경상
2018070300100387,2018년 7월 3일 17시,화요일,강원도 춘천시 죽림동,중상사고,0,1,0,0,차대사람 - 기타,기타,포장 - 건조,맑음,기타 - 기타,승용,남,50세,상해없음,보행자,여,79세,중상
2018070300100388,2018년 7월 3일 17시,화요일,강원도 원주시 명륜동,경상사고,0,0,1,0,차대사람 - 횡단중,보행자보호의무위반,포장 - 건조,맑음,교차로 - 교차로부근,승용,여,44세,상해없음,보행자,여,52세,경상
2018070400100284,2018년 7월 4일 14시,수요일,강원도 홍천군 홍천읍,경상사고,0,0,1,0,차대사람 - 횡단중,보행자보호의무위반,포장 - 건조,맑음,단일로 - 기타,승용,남,58세,상해없음,보행자,여,67세,경상
2018070400100490,2018년 7월 4일 19시,수요일,강원도 춘천시 송암동,중상사고,0,4,1,0,차대사람 - 기타,기타,포장 - 젖음/습기,비,단일로 - 기타,승용,여,22세,상해없음,보행자,여,67세,중상
2018070400100546,2018년 7월 4일 21시,수요일,강원도 춘천시 석사동,경상사고,0,0,1,0,차대사람 - 기타,기타,포장 - 건조,맑음,단일로 - 기타,승합,남,59세,상해없음,보행자,여,36세,경상
2018070500100585,2018년 7월 5일 22시,목요일,강원도 원주시 우산동,경상사고,0,0,1,0,차대사람 - 횡단중,안전운전불이행,포장 - 건조,맑음,단일로 - 기타,승용,여,26세,상해없음,보행자,남,61세,경상
2018070600100066,2018년 7월 6일 06시,금요일,강원도 원주시 평원동,중상사고,0,1,0,0,차대사람 - 길가장자리구역통행중,안전운전불이행,포장 - 건조,흐림,기타 - 기타,승용,여,64세,상해없음,보행자,여,73세,중상
2018070600100164,2018년 7월 6일 10시,금요일,강원도 태백시 황지동,중상사고,0,1,0,0,차대사람 - 길가장자리구역통행중,안전운전불이행,포장 - 건조,맑음,단일로 - 기타,화물,남,53세,상해없음,보행자,남,84세,중상
2018070600100350,2018년 7월 6일 16시,금요일,강원도 강릉시 옥천동,경상사고,0,0,2,0,차대사람 - 횡단중,보행자보호의무위반,포장 - 건조,맑음,교차로 - 교차로횡단보도내,승용,여,54세,상해없음,보행자,남,73세,경상
2018070600100351,2018년 7월 6일 16시,금요일,강원도 원주시 개운동,경상사고,0,0,1,0,차대사람 - 기타,안전운전불이행,포장 - 건조,맑음,교차로 - 교차로부근,기타불명,기타불명,미분류,기타불명,보행자,남,15세,경상
2018070600100352,2018년 7월 6일 16시,금요일,강원도 태백시 황지동,경상사고,0,0,1,0,차대사람 - 횡단중,보행자보호의무위반,포장 - 건조,맑음,단일로 - 기타,승용,여,47세,상해없음,보행자,여,10세,경상
2018070600100399,2018년 7월 6일 17시,금요일,강원도 강릉시 옥천동,경상사고,0,0,1,0,차대사람 - 기타,보행자보호의무위반,포장 - 젖음/습기,비,교차로 - 교차로횡단보도내,화물,여,67세,상해없음,보행자,남,73세,경상
2018070600100600,2018년 7월 6일 23시,금요일,강원도 원주시 우산동,부상신고사고,0,0,0,1,차대사람 - 기타,안전운전불이행,포장 - 건조,맑음,교차로 - 교차로안,기타불명,기타불명,미분류,기타불명,보행자,남,60세,부상신고
2018070700100254,2018년 7월 7일 12시,토요일,강원도 동해시 천곡동,중상사고,0,1,0,0,차대사람 - 보도통행중,안전운전불이행,포장 - 건조,맑음,단일로 - 기타,승용,여,30세,상해없음,보행자,남,10세,중상
2018070700100293,2018년 7월 7일 13시,토요일,강원도 삼척시 읍중동,경상사고,0,0,1,0,차대사람 - 보도통행중,기타,포장 - 건조,맑음,교차로 - 교차로부근,승용,남,51세,상해없음,보행자,여,32세,경상
2018070700100334,2018년 7월 7일 14시,토요일,강원도 원주시 중앙동,경상사고,0,0,1,0,차대사람 - 횡단중,신호위반,포장 - 건조,맑음,교차로 - 교차로횡단보도내,이륜,남,66세,상해없음,보행자,여,55세,경상
2018070800100023,2018년 7월 8일 01시,일요일,강원도 원주시 단계동,경상사고,0,0,1,0,차대사람 - 길가장자리구역통행중,안전운전불이행,포장 - 건조,맑음,단일로 - 기타,승용,남,24세,기타불명,보행자,남,23세,경상
2018070800100103,2018년 7월 8일 10시,일요일,강원도 강릉시 성남동,중상사고,0,1,0,0,차대사람 - 차도통행중,안전운전불이행,포장 - 건조,맑음,교차로 - 교차로안,승용,여,51세,상해없음,보행자,여,69세,중상
2018070800100124,2018년 7월 8일 11시,일요일,강원도 속초시 대포동,경상사고,0,0,1,0,차대사람 - 횡단중,안전운전불이행,포장 - 건조,맑음,단일로 - 지하차도(도로)내,승용,남,55세,상해없음,보행자,여,56세,경상
2018070800100394,2018년 7월 8일 20시,일요일,강원도 춘천시 동면,경상사고,0,0,1,0,차대사람 - 횡단중,보행자보호의무위반,포장 - 건조,맑음,기타 - 기타,승용,남,64세,상해없음,보행자,여,60세,경상
2018071000100282,2018년 7월 10일 14시,화요일,강원도 원주시 명륜동,부상신고사고,0,0,0,1,차대사람 - 횡단중,안전운전불이행,포장 - 건조,맑음,단일로 - 기타,승용,여,53세,상해없음,보행자,남,58세,부상신고
2018071100100035,2018년 7월 11일 02시,수요일,강원도 속초시 조양동,중상사고,0,2,0,0,차대사람 - 횡단중,신호위반,포장 - 젖음/습기,비,교차로 - 교차로횡단보도내,승용,여,55세,상해없음,보행자,여,65세,중상
2018071100100199,2018년 7월 11일 10시,수요일,강원도 춘천시 동면,경상사고,0,0,1,0,차대사람 - 횡단중,안전운전불이행,포장 - 젖음/습기,비,교차로 - 교차로횡단보도내,승용,남,73세,상해없음,보행자,여,49세,경상
2018071100100417,2018년 7월 11일 17시,수요일,강원도 홍천군 홍천읍,경상사고,0,0,1,0,차대사람 - 횡단중,보행자보호의무위반,포장 - 건조,맑음,교차로 - 교차로횡단보도내,승용,남,27세,상해없음,보행자,여,69세,경상
2018071200100209,2018년 7월 12일 11시,목요일,강원도 원주시 단계동,부상신고사고,0,0,0,1,차대사람 - 보도통행중,안전운전불이행,포장 - 건조,맑음,단일로 - 기타,기타불명,기타불명,미분류,기타불명,보행자,남,39세,부상신고
2018071200100524,2018년 7월 12일 20시,목요일,강원도 동해시 발한동,중상사고,0,1,0,0,차대사람 - 횡단중,안전운전불이행,포장 - 건조,맑음,단일로 - 기타,승용,남,30세,상해없음,보행자,남,50세,중상
2018071300100048,2018년 7월 13일 05시,금요일,강원도 춘천시 동면,중상사고,0,1,0,0,차대사람 - 횡단중,신호위반,포장 - 건조,맑음,교차로 - 교차로횡단보도내,화물,남,58세,상해없음,보행자,남,24세,중상
2018071300100113,2018년 7월 13일 08시,금요일,강원도 춘천시 퇴계동,경상사고,0,0,1,0,차대사람 - 길가장자리구역통행중,안전운전불이행,포장 - 건조,맑음,단일로 - 기타,화물,남,58세,상해없음,보행자,여,35세,경상
2018071300100407,2018년 7월 13일 17시,금요일,강원도 삼척시 정상동,경상사고,0,0,1,0,차대사람 - 차도통행중,안전운전불이행,포장 - 건조,맑음,단일로 - 기타,화물,남,42세,상해없음,보행자,남,59세,경상
2018071300100466,2018년 7월 13일 18시,금요일,강원도 강릉시 옥천동,경상사고,0,0,1,0,차대사람 - 기타,안전운전불이행,포장 - 건조,맑음,단일로 - 기타,승용,여,59세,상해없음,보행자,남,43세,경상
2018071300100469,2018년 7월 13일 18시,금요일,강원도 인제군 남면,경상사고,0,0,1,0,차대사람 - 차도통행중,안전운전불이행,포장 - 건조,맑음,단일로 - 기타,승합,남,57세,상해없음,보행자,여,62세,경상
2018071300100552,2018년 7월 13일 20시,금요일,강원도 속초시 금호동,경상사고,0,0,1,0,차대사람 - 차도통행중,안전운전불이행,포장 - 건조,맑음,단일로 - 지하차도(도로)내,승용,여,51세,상해없음,보행자,여,17세,경상
2018071400100008,2018년 7월 14일 00시,토요일,강원도 동해시 지흥동,사망사고,1,0,0,0,차대사람 - 차도통행중,안전운전불이행,포장 - 건조,맑음,단일로 - 기타,화물,남,44세,상해없음,보행자,남,23세,사망
2018071400100036,2018년 7월 14일 02시,토요일,강원도 원주시 단계동,중상사고,0,1,0,0,차대사람 - 횡단중,보행자보호의무위반,포장 - 건조,맑음,교차로 - 교차로부근,승합,남,22세,상해없음,보행자,남,30세,중상
2018071400100311,2018년 7월 14일 14시,토요일,강원도 원주시 단계동,경상사고,0,0,1,0,차대사람 - 횡단중,안전운전불이행,포장 - 건조,맑음,단일로 - 기타,승용,남,49세,상해없음,보행자,여,35세,경상
2018071400100353,2018년 7월 14일 15시,토요일,강원도 원주시 관설동,경상사고,0,0,1,0,차대사람 - 횡단중,보행자보호의무위반,포장 - 건조,맑음,교차로 - 교차로횡단보도내,이륜,남,24세,상해없음,보행자,여,19세,경상
2018071400100487,2018년 7월 14일 18시,토요일,강원도 동해시 동회동,중상사고,0,1,0,0,차대사람 - 횡단중,안전운전불이행,포장 - 건조,맑음,단일로 - 기타,승용,남,56세,상해없음,보행자,남,89세,중상
2018071500100026,2018년 7월 15일 01시,일요일,강원도 춘천시 후평동,중상사고,0,1,0,0,차대사람 - 기타,안전운전불이행,포장 - 건조,맑음,단일로 - 기타,승용,남,41세,상해없음,보행자,남,41세,중상
2018071500100235,2018년 7월 15일 14시,일요일,강원도 원주시 흥업면,부상신고사고,0,0,0,1,차대사람 - 횡단중,안전운전불이행,포장 - 건조,맑음,교차로 - 교차로횡단보도내,기타불명,기타불명,미분류,기타불명,보행자,남,82세,부상신고