사고번호,사고일시,요일,시군구,사고내용,사망자수,중상자수,경상자수,부상신고자수,사고유형,법규위반,노면상태,기상상태,도로형태,가해운전자 차종,가해운전자 성별,가해운전자 연령,가해운전자 상해정도,피해운전자 차종,피해운전자 성별,피해운전자 연령,피해운전자 상해정도
2019080500100521,2019년 8월 5일 18시,월요일,강원도 강릉시 안현동,경상사고,0,0,1,0,차대사람 - 횡단중,보행자보호의무위반,포장 - 건조,맑음,교차로 - 교차로횡단보도내,승용,남,30세,상해없음,보행자,여,10세,경상
2019080500100525,2019년 8월 5일 18시,월요일,강원도 속초시 교동,경상사고,0,0,1,0,차대사람 - 횡단중,안전운전불이행,포장 - 건조,맑음,단일로 - 기타,승용,여,28세,상해없음,보행자,남,9세,경상
2019080500100627,2019년 8월 5일 21시,월요일,강원도 화천군 상서면,사망사고,1,0,0,0,차대사람 - 횡단중,안전운전불이행,포장 - 건조,맑음,단일로 - 기타,승용,남,24세,상해없음,보행자,남,29세,사망
2019080600100079,2019년 8월 6일 05시,화요일,강원도 속초시 중앙동,경상사고,0,0,1,0,차대사람 - 기타,안전운전불이행,포장 - 건조,맑음,단일로 - 지하차도(도로)내,승합,남,48세,상해없음,보행자,여,64세,경상
2019080600100223,2019년 8월 6일 11시,화요일,강원도 강릉시 송정동,중상사고,0,1,0,0,차대사람 - 기타,안전운전불이행,포장 - 건조,맑음,주차장 - 주차장,승용,남,85세,상해없음,보행자,여,60세,중상
2019080600100224,2019년 8월 6일 11시,화요일,강원도 양구군 해안면,경상사고,0,0,1,0,차대사람 - 기타,안전운전불이행,포장 - 건조,맑음,교차로 - 교차로부근,화물,남,61세,상해없음,보행자,남,52세,경상
2019080600100294,2019년 8월 6일 13시,화요일,강원도 태백시 황지동,경상사고,0,0,1,0,차대사람 - 보도통행중,보행자보호의무위반,포장 - 건조,맑음,교차로 - 교차로안,승합,남,55세,상해없음,보행자,여,61세,경상
2019080600100578,2019년 8월 6일 20시,화요일,강원도 고성군 죽왕면,경상사고,0,0,1,0,차대사람 - 길가장자리구역통행중,안전운전불이행,포장 - 건조,맑음,단일로 - 기타,승용,여,60세,상해없음,보행자,여,3세,경상
2019080700100055,2019년 8월 7일 02시,수요일,강원도 태백시 황지동,경상사고,0,0,1,0,차대사람 - 차도통행중,안전운전불이행,포장 - 젖음/습기,비,단일로 - 기타,승용,남,51세,상해없음,보행자,남,49세,경상
2019080700100379,2019년 8월 7일 15시,수요일,강원도 강릉시 성내동,중상사고,0,1,0,0,차대사람 - 횡단중,보행자보호의무위반,포장 - 건조,맑음,교차로 - 교차로횡단보도내,승용,남,33세,상해없음,보행자,여,83세,중상
2019080700100642,2019년 8월 7일 22시,수요일,강원도 속초시 대포동,경상사고,0,0,1,0,차대사람 - 기타,안전운전불이행,포장 - 건조,맑음,단일로 - 기타,승용,남,41세,상해없음,보행자,남,38세,경상
2019080800100113,2019년 8월 8일 08시,목요일,강원도 춘천시 석사동,중상사고,0,1,0,0,차대사람 - 횡단중,안전운전불이행,포장 - 건조,맑음,교차로 - 교차로부근,승용,여,58세,상해없음,보행자,여,80세,중상
2019080800100279,2019년 8월 8일 12시,목요일,강원도 홍천군 서면,중상사고,0,1,0,0,차대사람 - 기타,안전운전불이행,포장 - 건조,맑음,단일로 - 기타,화물,남,54세,상해없음,보행자,여,53세,중상
2019080800100341,2019년 8월 8일 14시,목요일,강원도 양양군 현북면,중상사고,0,1,0,0,차대사람 - 길가장자리구역통행중,안전운전불이행,포장 - 건조,맑음,단일로 - 지하차도(도로)내,화물,남,63세,상해없음,보행자,남,81세,중상
2019080900100250,2019년 8월 9일 11시,금요일,강원도 횡성군 안흥면,중상사고,0,1,0,0,차대사람 - 기타,안전운전불이행,포장 - 건조,맑음,단일로 - 기타,승용,남,29세,상해없음,보행자,남,60세,중상
2019080900100608,2019년 8월 9일 19시,금요일,강원도 춘천시 효자동,경상사고,0,0,1,0,차대사람 - 기타,안전운전불이행,포장 - 건조,맑음,단일로 - 기타,승용,남,58세,상해없음,보행자,남,49세,경상
2019080900100609,2019년 8월 9일 19시,금요일,강원도 동해시 부곡동,중상사고,0,1,0,0,차대사람 - 횡단중,신호위반,포장 - 건조,맑음,교차로 - 교차로횡단보도내,특수,남,48세,상해없음,보행자,여,74세,중상
2019080900100644,2019년 8월 9일 20시,금요일,강원도 춘천시 칠전동,중상사고,0,1,0,0,차대사람 - 기타,안전운전불이행,포장 - 건조,맑음,기타 - 기타,승용,여,41세,상해없음,보행자,남,40세,중상
2019081000100154,2019년 8월 10일 08시,토요일,강원도 원주시 문막읍,경상사고,0,0,1,0,차대사람 - 횡단중,보행자보호의무위반,포장 - 건조,맑음,교차로 - 교차로횡단보도내,승용,남,77세,상해없음,보행자,여,48세,경상
2019081000100279,2019년 8월 10일 11시,토요일,강원도 춘천시 후평동,중상사고,0,1,0,0,차대사람 - 차도통행중,안전운전불이행,포장 - 건조,맑음,단일로 - 기타,승용,남,50세,상해없음,보행자,여,58세,중상
2019081000100281,2019년 8월 10일 11시,토요일,강원도 양양군 양양읍,경상사고,0,0,1,0,차대사람 - 길가장자리구역통행중,안전운전불이행,포장 - 건조,흐림,교차로 - 교차로부근,화물,남,69세,상해없음,보행자,여,60세,경상
2019081000100630,2019년 8월 10일 21시,토요일,강원도 강릉시 안현동,중상사고,0,1,1,0,차대사람 - 보도통행중,보행자보호의무위반,포장 - 건조,맑음,교차로 - 교차로안,승합,남,43세,상해없음,보행자,남,27세,경상
2019081000100632,2019년 8월 10일 21시,토요일,강원도 원주시 우산동,경상사고,0,0,1,0,차대사람 - 횡단중,기타,포장 - 건조,맑음,단일로 - 기타,개인형이동수단(PM),남,54세,상해없음,보행자,남,29세,경상
2019081100100303,2019년 8월 11일 16시,일요일,강원도 춘천시 운교동,경상사고,0,0,1,0,차대사람 - 횡단중,안전운전불이행,포장 - 건조,맑음,교차로 - 교차로안,승용,여,61세,상해없음,보행자,여,41세,경상
2019081200100147,2019년 8월 12일 08시,월요일,강원도 동해시 묵호진동,중상사고,0,1,0,0,차대사람 - 보도통행중,기타,포장 - 기타,안개,단일로 - 기타,승용,여,42세,상해없음,보행자,여,25세,중상
2019081200100611,2019년 8월 12일 19시,월요일,강원도 영월군 영월읍,사망사고,1,0,0,0,차대사람 - 횡단중,보행자보호의무위반,포장 - 건조,맑음,단일로 - 기타,이륜,남,23세,상해없음,보행자,여,69세,사망
2019081200100612,2019년 8월 12일 19시,월요일,강원도 태백시 황지동,경상사고,0,0,1,0,차대사람 - 기타,안전운전불이행,포장 - 건조,맑음,단일로 - 기타,승합,남,58세,기타불명,보행자,남,70세,경상
2019081200100679,2019년 8월 12일 21시,월요일,강원도 삼척시 정상동,중상사고,0,1,0,0,차대사람 - 횡단중,보행자보호의무위반,포장 - 건조,흐림,교차로 - 교차로안,화물,남,51세,상해없음,보행자,여,55세,중상
2019081200100717,2019년 8월 12일 23시,월요일,강원도 강릉시 강동면,중상사고,0,1,0,0,차대사람 - 길가장자리구역통행중,안전운전불이행,포장 - 건조,맑음,단일로 - 교량,승용,여,35세,상해없음,보행자,남,20세,중상
2019081300100236,2019년 8월 13일 11시,화요일,강원도 강릉시 강동면,중상사고,0,2,0,0,차대사람 - 기타,안전운전불이행,포장 - 건조,맑음,단일로 - 터널,화물,남,44세,상해없음,보행자,남,24세,중상
2019081300100607,2019년 8월 13일 20시,화요일,강원도 동해시 동회동,중상사고,0,1,1,0,차대사람 - 횡단중,안전운전불이행,포장 - 건조,맑음,교차로 - 교차로안,승용,남,37세,상해없음,보행자,여,55세,중상
2019081400100088,2019년 8월 14일 05시,수요일,강원도 태백시 통동,중상사고,0,1,0,0,차대사람 - 보도통행중,기타,포장 - 건조,맑음,단일로 - 기타,화물,남,68세,상해없음,보행자,여,75세,중상
2019081400100154,2019년 8월 14일 08시,수요일,강원도 원주시 일산동,중상사고,0,1,0,0,차대사람 - 기타,안전운전불이행,포장 - 건조,맑음,단일로 - 기타,승용,남,73세,상해없음,보행자,여,71세,중상
2019081400100685,2019년 8월 14일 20시,수요일,강원도 삼척시 남양동,경상사고,0,0,1,0,차대사람 - 차도통행중,안전운전불이행,포장 - 건조,맑음,교차로 - 교차로안,승용,남,70세,상해없음,보행자,남,54세,경상
2019081400100686,2019년 8월 14일 20시,수요일,강원도 정선군 정선읍,사망사고,1,0,0,0,차대사람 - 차도통행중,안전운전불이행,포장 - 건조,맑음,단일로 - 기타,승용,남,40세,상해없음,보행자,남,74세,사망
2019081500100238,2019년 8월 15일 13시,목요일,강원도 화천군 사내면,중상사고,0,1,0,0,차대사람 - 횡단중,안전운전불이행,포장 - 젖음/습기,비,교차로 - 교차로안,화물,남,63세,상해없음,보행자,여,76세,중상
2019081500100268,2019년 8월 15일 14시,목요일,강원도 원주시 개운동,중상사고,0,1,0,0,차대사람 - 차도통행중,안전운전불이행,포장 - 건조,흐림,단일로 - 기타,승용,남,73세,상해없음,보행자,여,64세,중상
2019081500100270,2019년 8월 15일 14시,목요일,강원도 동해시 평릉동,중상사고,0,1,0,0,차대사람 - 길가장자리구역통행중,안전운전불이행,포장 - 젖음/습기,흐림,교차로 - 교차로안,승용,여,39세,상해없음,보행자,여,77세,중상
2019081500100463,2019년 8월 15일 20시,목요일,강원도 원주시 명륜동,중상사고,0,1,0,0,차대사람 - 횡단중,보행자보호의무위반,포장 - 젖음/습기,비,교차로 - 교차로횡단보도내,승용,남,57세,상해없음,보행자,여,57세,중상
2019081500100484,2019년 8월 15일 21시,목요일,강원도 강릉시 주문진읍,사망사고,1,0,0,0,차대사람 - 횡단중,안전운전불이행,포장 - 젖음/습기,비,단일로 - 기타,승용,남,52세,상해없음,보행자,남,62세,사망
2019081500100485,2019년 8월 15일 21시,목요일,강원도 홍천군 홍천읍,중상사고,0,1,0,0,차대사람 - 기타,안전운전불이행,포장 - 젖음/습기,비,단일로 - 기타,승용,남,75세,상해없음,보행자,여,71세,중상
2019081600100242,2019년 8월 16일 11시,금요일,강원도 속초시 교동,경상사고,0,0,1,0,차대사람 - 기타,안전운전불이행,포장 - 건조,맑음,주차장 - 주차장,승용,남,61세,상해없음,보행자,남,62세,경상
2019081600100390,2019년 8월 16일 15시,금요일,강원도 원주시 원동,경상사고,0,0,1,0,차대사람 - 기타,기타,포장 - 건조,맑음,교차로 - 교차로안,승용,남,70세,상해없음,보행자,여,53세,경상
2019081600100478,2019년 8월 16일 17시,금요일,강원도 홍천군 홍천읍,중상사고,0,1,0,0,차대사람 - 횡단중,보행자보호의무위반,포장 - 건조,맑음,교차로 - 교차로부근,화물,남,48세,상해없음,보행자,남,61세,중상
2019081600100524,2019년 8월 16일 18시,금요일,강원도 홍천군 홍천읍,경상사고,0,0,1,0,차대사람 - 기타,안전운전불이행,포장 - 건조,맑음,단일로 - 기타,승용,남,55세,상해없음,보행자,남,44세,경상
2019081600100614,2019년 8월 16일 20시,금요일,강원도 홍천군 홍천읍,중상사고,0,1,0,0,차대사람 - 횡단중,안전운전불이행,포장 - 건조,맑음,단일로 - 기타,화물,남,58세,상해없음,보행자,여,58세,중상
2019081700100023,2019년 8월 17일 00시,토요일,강원도 강릉시 포남동,경상사고,0,0,1,0,차대사람 - 길가장자리구역통행중,안전운전불이행,포장 - 건조,맑음,단일로 - 기타,승용,남,23세,상해없음,보행자,남,48세,경상
2019081700100074,2019년 8월 17일 04시,토요일,강원도 홍천군 서면,중상사고,0,1,0,0,차대사람 - 기타,안전운전불이행,포장 - 건조,맑음,단일로 - 기타,승용,남,34세,상해없음,보행자,남,47세,중상
2019081700100193,2019년 8월 17일 11시,토요일,강원도 춘천시 후평동,경상사고,0,0,1,0,차대사람 - 횡단중,보행자보호의무위반,포장 - 건조,맑음,교차로 - 교차로안,승합,남,54세,상해없음,보행자,여,74세,경상
2019081700100276,2019년 8월 17일 13시,토요일,강원도 속초시 교동,중상사고,0,1,0,0,차대사람 - 차도통행중,안전운전불이행,포장 - 건조,맑음,기타 - 기타,화물,남,53세,상해없음,보행자,남,11세,중상
2019081700100447,2019년 8월 17일 17시,토요일,강원도 홍천군 홍천읍,경상사고,0,0,1,0,차대사람 - 횡단중,신호위반,포장 - 건조,맑음,교차로 - 교차로횡단보도내,승용,남,19세,상해없음,보행자,남,56세,경상
2019081700100489,2019년 8월 17일 18시,토요일,강원도 강릉시 주문진읍,중상사고,0,1,0,0,차대사람 - 길가장자리구역통행중,안전운전불이행,포장 - 건조,맑음,기타 - 기타,승용,남,68세,상해없음,보행자,여,79세,중상
2019081800100203,2019년 8월 18일 13시,일요일,강원도 강릉시 주문진읍,경상사고,0,0,1,0,차대사람 - 횡단중,안전운전불이행,포장 - 건조,맑음,단일로 - 기타,승용,남,70세,상해없음,보행자,남,7세,경상
2019081900100125,2019년 8월 19일 08시,월요일,강원도 강릉시 포남동,중상사고,0,1,0,0,차대사람 - 횡단중,안전운전불이행,포장 - 건조,맑음,단일로 - 기타,승용,여,60세,상해없음,보행자,남,82세,중상
2019081900100128,2019년 8월 19일 08시,월요일,강원도 양구군 양구읍,경상사고,0,0,1,0,차대사람 - 기타,안전운전불이행,포장 - 건조,맑음,교차로 - 교차로부근,승용,여,34세,상해없음,보행자,남,19세,경상
2019081900100199,2019년 8월 19일 10시,월요일,강원도 강릉시 포남동,경상사고,0,0,1,0,차대사람 - 기타,안전운전불이행,포장 - 건조,맑음,단일로 - 기타,승용,남,77세,상해없음,보행자,남,45세,경상
2019081900100515,2019년 8월 19일 19시,월요일,강원도 강릉시 교동,경상사고,0,0,1,0,차대사람 - 횡단중,안전운전불이행,포장 - 건조,맑음,단일로 - 기타,승용,남,42세,상해없음,보행자,남,21세,경상
2019081900100544,2019년 8월 19일 20시,월요일,강원도 속초시 교동,중상사고,0,1,0,0,차대사람 - 횡단중,보행자보호의무위반,포장 - 건조,맑음,교차로 - 교차로횡단보도내,승용,남,66세,상해없음,보행자,남,49세,중상
2019082000100166,2019년 8월 20일 09시,화요일,강원도 삼척시 남양동,경상사고,0,0,1,0,차대사람 - 횡단중,안전운전불이행,포장 - 건조,맑음,교차로 - 교차로횡단보도내,승용,남,34세,상해없음,보행자,여,78세,경상
2019082000100203,2019년 8월 20일 10시,화요일,강원도 삼척시 남양동,경상사고,0,0,1,0,차대사람 - 차도통행중,안전운전불이행,포장 - 건조,맑음,단일로 - 지하차도(도로)내,원동기,남,50세,상해없음,보행자,여,57세,경상
2019082000100337,2019년 8월 20일 14시,화요일,강원도 삼척시 남양동,경상사고,0,0,1,0,차대사람 - 길가장자리구역통행중,안전운전불이행,포장 - 건조,맑음,단일로 - 지하차도(도로)내,승용,남,34세,상해없음,보행자,여,74세,경상
2019082100100502,2019년 8월 21일 18시,수요일,강원도 강릉시 성남동,경상사고,0,0,1,0,차대사람 - 기타,안전운전불이행,포장 - 건조,맑음,단일로 - 기타,승용,여,50세,상해없음,보행자,여,38세,경상
2019082100100635,2019년 8월 21일 21시,수요일,강원도 강릉시 교동,중상사고,0,1,0,0,차대사람 - 횡단중,안전운전불이행,포장 - 건조,맑음,교차로 - 교차로안,승용,남,60세,상해없음,보행자,여,52세,중상
2019082100100636,2019년 8월 21일 21시,수요일,강원도 원주시 우산동,경상사고,0,0,1,0,차대사람 - 차도통행중,안전운전불이행,포장 - 건조,맑음,단일로 - 기타,승용,여,57세,상해없음,보행자,여,25세,경상
2019082200100087,2019년 8월 22일 05시,목요일,강원도 춘천시 우두동,경상사고,0,0,1,0,차대사람 - 기타,안전운전불이행,포장 - 건조,맑음,주차장 - 주차장,승용,남,29세,상해없음,보행자,남,29세,경상
2019082200100523,2019년 8월 22일 18시,목요일,강원도 속초시 장사동,사망사고,1,0,0,0,차대사람 - 차도통행중,안전운전불이행,포장 - 건조,맑음,기타 - 기타,승용,남,68세,상해없음,보행자,여,58세,사망
2019082300100220,2019년 8월 23일 10시,금요일,강원도 화천군 사내면,경상사고,0,0,1,0,차대사람 - 기타,안전운전불이행,포장 - 건조,맑음,기타 - 기타,승용,남,75세,상해없음,보행자,남,87세,경상
2019082300100381,2019년 8월 23일 15시,금요일,강원도 홍천군 홍천읍,경상사고,0,0,1,0,차대사람 - 횡단중,보행자보호의무위반,포장 - 건조,맑음,단일로 - 기타,승용,여,45세,상해없음,보행자,남,60세,경상
2019082400100134,2019년 8월 24일 07시,토요일,강원도 강릉시 포남동,중상사고,0,1,0,0,차대사람 - 횡단중,보행자보호의무위반,포장 - 건조,맑음,단일로 - 기타,승용,여,66세,상해없음,보행자,남,84세,중상
2019082400100523,2019년 8월 24일 19시,토요일,강원도 삼척시 남양동,경상사고,0,0,1,0,차대사람 - 횡단중,보행자보호의무위반,포장 - 건조,흐림,교차로 - 교차로안,승합,여,40세,상해없음,보행자,여,7세,경상
2019082400100554,2019년 8월 24일 20시,토요일,강원도 속초시 조양동,중상사고,0,1,0,0,차대사람 - 횡단중,보행자보호의무위반,포장 - 건조,맑음,교차로 - 교차로부근,화물,남,54세,상해없음,보행자,여,58세,중상
2019082400100591,2019년 8월 24일 21시,토요일,강원도 속초시 조양동,경상사고,0,0,1,0,차대사람 - 횡단중,안전운전불이행,포장 - 건조,맑음,교차로 - 교차로안,승용,여,60세,상해없음,보행자,남,48세,경상
2019082500100066,2019년 8월 25일 04시,일요일,강원도 강릉시 강동면,중상사고,0,1,0,0,차대사람 - 차도통행중,안전운전불이행,포장 - 건조,맑음,단일로 - 교량,승용,남,49세,상해없음,보행자,남,56세,중상
2019082500100076,2019년 8월 25일 05시,일요일,강원도 강릉시 성남동,경상사고,0,0,1,0,차대사람 - 기타,안전운전불이행,포장 - 건조,맑음,기타 - 기타,화물,남,74세,상해없음,보행자,남,65세,경상
2019082500100393,2019년 8월 25일 18시,일요일,강원도 원주시 원동,중상사고,0,1,0,0,차대사람 - 횡단중,안전운전불이행,포장 - 건조,맑음,교차로 - 교차로안,승용,남,59세,상해없음,보행자,남,59세,중상
2019082500100468,2019년 8월 25일 20시,일요일,강원도 춘천시 온의동,경상사고,0,0,1,0,차대사람 - 기타,안전운전불이행,포장 - 건조,맑음,단일로 - 기타,승용,여,71세,상해없음,보행자,남,18세,경상
2019082600100035,2019년 8월 26일 00시,월요일,강원도 원주시 단구동,경상사고,0,0,1,0,차대사람 - 기타,안전운전불이행,포장 - 건조,맑음,단일로 - 기타,승용,남,44세,상해없음,보행자,남,28세,경상
2019082600100151,2019년 8월 26일 08시,월요일,강원도 원주시 관설동,경상사고,0,0,1,0,차대사람 - 횡단중,보행자보호의무위반,포장 - 건조,맑음,교차로 - 교차로안,승용,여,34세,상해없음,보행자,여,66세,경상
2019082600100193,2019년 8월 26일 09시,월요일,강원도 영월군 영월읍,부상신고사고,0,0,0,1,차대사람 - 횡단중,안전운전불이행,포장 - 건조,맑음,교차로 - 교차로안,이륜,남,79세,상해없음,보행자,여,44세,부상신고
2019082600100468,2019년 8월 26일 16시,월요일,강원도 영월군 주천면,부상신고사고,0,0,0,1,차대사람 - 횡단중,안전운전불이행,포장 - 건조,맑음,교차로 - 교차로안,승용,여,55세,상해없음,보행자,남,51세,부상신고
2019082700100470,2019년 8월 27일 17시,화요일,강원도 춘천시 후평동,경상사고,0,0,1,0,차대사람 - 기타,보행자보호의무위반,포장 - 건조,맑음,기타 - 기타,승용,남,56세,상해없음,보행자,여,10세,경상
2019082700100547,2019년 8월 27일 19시,화요일,강원도 화천군 화천읍,중상사고,0,1,0,0,차대사람 - 차도통행중,기타,포장 - 건조,맑음,주차장 - 주차장,화물,남,38세,상해없음,보행자,여,80세,중상
2019082800100239,2019년 8월 28일 11시,수요일,강원도 원주시 봉산동,부상신고사고,0,0,0,1,차대사람 - 기타,안전운전불이행,포장 - 건조,맑음,단일로 - 기타,승용,남,35세,상해없음,보행자,남,31세,부상신고
2019082800100331,2019년 8월 28일 14시,수요일,강원도 강릉시 지변동,경상사고,0,0,1,0,차대사람 - 기타,안전운전불이행,포장 - 건조,맑음,교차로 - 교차로부근,화물,남,83세,상해없음,보행자,여,57세,경상
2019082800100367,2019년 8월 28일 15시,수요일,강원도 동해시 천곡동,경상사고,0,0,1,0,차대사람 - 횡단중,보행자보호의무위반,포장 - 건조,흐림,교차로 - 교차로부근,승용,남,49세,상해없음,보행자,여,59세,경상
2019082800100576,2019년 8월 28일 20시,수요일,강원도 강릉시 주문진읍,경상사고,0,0,1,0,차대사람 - 기타,안전운전불이행,포장 - 건조,맑음,교차로 - 교차로안,승용,남,54세,상해없음,보행자,남,62세,경상
2019082900100180,2019년 8월 29일 10시,목요일,강원도 삼척시 원덕읍,경상사고,0,0,1,0,차대사람 - 기타,안전운전불이행,비포장 - 젖음/습기,맑음,단일로 - 기타,건설기계,남,45세,상해없음,보행자,남,37세,경상
2019082900100239,2019년 8월 29일 12시,목요일,강원도 태백시 황지동,경상사고,0,0,1,0,차대사람 - 횡단중,안전운전불이행,포장 - 건조,맑음,단일로 - 기타,승용,남,56세,상해없음,보행자,여,68세,경상
2019083000100470,2019년 8월 30일 16시,금요일,강원도 춘천시 동내면,중상사고,0,1,0,0,차대사람 - 기타,안전운전불이행,포장 - 건조,맑음,단일로 - 기타,승용,남,45세,상해없음,보행자,여,13세,중상
2019083000100471,2019년 8월 30일 16시,금요일,강원도 양구군 양구읍,중상사고,0,1,0,0,차대사람 - 길가장자리구역통행중,안전운전불이행,포장 - 건조,맑음,단일로 - 기타,승용,남,36세,상해없음,보행자,남,74세,중상
2019083000100584,2019년 8월 30일 18시,금요일,강원도 춘천시 교동,중상사고,0,2,0,0,차대사람 - 횡단중,보행자보호의무위반,포장 - 건조,맑음,교차로 - 교차로횡단보도내,특수,남,45세,상해없음,보행자,남,6세,중상
2019083100100264,2019년 8월 31일 10시,토요일,강원도 원주시 학성동,경상사고,0,0,1,0,차대사람 - 횡단중,안전운전불이행,포장 - 건조,맑음,단일로 - 기타,승용,남,54세,상해없음,보행자,여,68세,경상
2019083100100330,2019년 8월 31일 12시,토요일,강원도 춘천시 효자동,중상사고,0,1,0,0,차대사람 - 보도통행중,안전운전불이행,포장 - 건조,맑음,단일로 - 기타,개인형이동수단(PM),남,24세,상해없음,보행자,여,79세,중상
2019083100100544,2019년 8월 31일 17시,토요일,강원도 홍천군 남면,사망사고,1,0,0,0,차대사람 - 기타,안전운전불이행,포장 - 건조,맑음,단일로 - 기타,승용,남,65세,상해없음,보행자,남,60세,사망
2019083100100703,2019년 8월 31일 21시,토요일,강원도 원주시 단계동,경상사고,0,0,1,0,차대사람 - 횡단중,안전운전불이행,포장 - 건조,맑음,교차로 - 교차로안,화물,남,58세,상해없음,보행자,남,64세,경상
2019090100100384,2019년 9월 1일 18시,일요일,강원도 원주시 명륜동,경상사고,0,0,1,0,차대사람 - 횡단중,보행자보호의무위반,포장 - 건조,맑음,단일로 - 기타,승용,여,32세,기타불명,보행자,남,58세,경상
2019090100100416,2019년 9월 1일 19시,일요일,강원도 춘천시 동내면,중상사고,0,1,0,0,차대사람 - 횡단중,안전운전불이행,포장 - 건조,맑음,교차로 - 교차로부근,승용,여,36세,상해없음,보행자,남,67세,중상
2019090100100461,2019년 9월 1일 20시,일요일,강원도 태백시 황지동,경상사고,0,0,1,0,차대사람 - 횡단중,보행자보호의무위반,포장 - 건조,맑음,교차로 - 교차로안,승용,남,38세,상해없음,보행자,남,51세,경상
2019090200100139,2019년 9월 2일 08시,월요일,강원도 삼척시 교동,경상사고,0,0,1,0,차대사람 - 횡단중,보행자보호의무위반,포장 - 젖음/습기,비,교차로 - 교차로안,승용,남,61세,상해없음,보행자,남,8세,경상
2019090200100230,2019년 9월 2일 10시,월요일,강원도 원주시 문막읍,중상사고,0,1,0,0,차대사람 - 횡단중,안전운전불이행,포장 - 건조,맑음,교차로 - 교차로안,화물,남,60세,상해없음,보행자,남,83세,중상
2019090200100451,2019년 9월 2일 16시,월요일,강원도 화천군 사내면,중상사고,0,1,1,0,차대사람 - 길가장자리구역통행중,안전운전불이행,포장 - 건조,맑음,단일로 - 기타,이륜,남,29세,상해없음,보행자,남,28세,중상
2019090200100528,2019년 9월 2일 18시,월요일,강원도 홍천군 홍천읍,경상사고,0,0,1,0,차대사람 - 횡단중,안전운전불이행,포장 - 건조,맑음,교차로 - 교차로부근,승용,남,53세,상해없음,보행자,여,18세,경상
2019090300100233,2019년 9월 3일 11시,화요일,강원도 횡성군 안흥면,중상사고,0,1,0,0,차대사람 - 기타,안전운전불이행,포장 - 젖음/습기,비,단일로 - 기타,승용,남,64세,상해없음,보행자,남,90세 이상,중상
2019090300100582,2019년 9월 3일 19시,화요일,강원도 춘천시 교동,경상사고,0,0,2,0,차대사람 - 횡단중,보행자보호의무위반,포장 - 젖음/습기,비,단일로 - 기타,승용,남,30세,상해없음,보행자,여,21세,경상
2019090300100643,2019년 9월 3일 20시,화요일,강원도 춘천시 동면,경상사고,0,0,1,0,차대사람 - 횡단중,보행자보호의무위반,포장 - 젖음/습기,비,교차로 - 교차로부근,승용,남,53세,상해없음,보행자,여,51세,경상
2019090300100644,2019년 9월 3일 20시,화요일,강원도 강릉시 교동,경상사고,0,0,1,0,차대사람 - 횡단중,보행자보호의무위반,포장 - 젖음/습기,비,교차로 - 교차로안,승용,남,27세,상해없음,보행자,여,21세,경상
2019090300100645,2019년 9월 3일 20시,화요일,강원도 삼척시 남양동,중상사고,0,1,0,0,차대사람 - 횡단중,안전운전불이행,포장 - 젖음/습기,비,교차로 - 교차로부근,화물,여,62세,상해없음,보행자,남,64세,중상
2019090300100676,2019년 9월 3일 21시,화요일,강원도 춘천시 퇴계동,중상사고,0,1,0,0,차대사람 - 횡단중,안전운전불이행,포장 - 건조,흐림,단일로 - 기타,승용,남,54세,상해없음,보행자,남,44세,중상
2019090400100353,2019년 9월 4일 15시,수요일,강원도 춘천시 후평동,경상사고,0,0,1,0,차대사람 - 기타,안전운전불이행,포장 - 건조,맑음,단일로 - 기타,승합,남,52세,상해없음,보행자,여,23세,경상
2019090400100354,2019년 9월 4일 15시,수요일,강원도 강릉시 사천면,경상사고,0,0,1,0,차대사람 - 기타,안전운전불이행,포장 - 젖음/습기,비,단일로 - 기타,승용,남,73세,상해없음,보행자,여,55세,경상
2019090400100586,2019년 9월 4일 20시,수요일,강원도 원주시 개운동,중상사고,0,2,0,0,차대사람 - 횡단중,안전운전불이행,포장 - 젖음/습기,비,교차로 - 교차로안,화물,남,69세,상해없음,보행자,남,70세,중상
2019090400100620,2019년 9월 4일 21시,수요일,강원도 원주시 관설동,경상사고,0,0,1,0,차대사람 - 횡단중,안전운전불이행,포장 - 젖음/습기,비,교차로 - 교차로부근,승용,남,60세,상해없음,보행자,여,55세,경상
2019090500100117,2019년 9월 5일 07시,목요일,강원도 홍천군 홍천읍,중상사고,0,1,0,0,차대사람 - 기타,보행자보호의무위반,포장 - 젖음/습기,비,교차로 - 교차로횡단보도내,승용,남,82세,상해없음,보행자,여,50세,중상
2019090500100163,2019년 9월 5일 08시,목요일,강원도 태백시 소도동,경상사고,0,0,1,0,차대사람 - 횡단중,보행자보호의무위반,포장 - 건조,맑음,단일로 - 기타,승용,여,57세,상해없음,보행자,남,7세,경상
2019090500100269,2019년 9월 5일 11시,목요일,강원도 속초시 교동,중상사고,0,1,0,0,차대사람 - 횡단중,안전운전불이행,포장 - 건조,흐림,교차로 - 교차로부근,승용,여,68세,상해없음,보행자,여,77세,중상
2019090500100446,2019년 9월 5일 16시,목요일,강원도 춘천시 석사동,중상사고,0,1,0,0,차대사람 - 횡단중,보행자보호의무위반,포장 - 젖음/습기,비,단일로 - 기타,화물,남,31세,상해없음,보행자,남,39세,중상