사고번호,사고일시,요일,시군구,사고내용,사망자수,중상자수,경상자수,부상신고자수,사고유형,법규위반,노면상태,기상상태,도로형태,가해운전자 차종,가해운전자 성별,가해운전자 연령,가해운전자 상해정도,피해운전자 차종,피해운전자 성별,피해운전자 연령,피해운전자 상해정도
2019090500100577,2019년 9월 5일 19시,목요일,강원도 춘천시 후평동,경상사고,0,0,1,0,차대사람 - 횡단중,신호위반,포장 - 건조,맑음,교차로 - 교차로횡단보도내,이륜,남,30세,상해없음,보행자,남,27세,경상
2019090500100578,2019년 9월 5일 19시,목요일,강원도 원주시 학성동,중상사고,0,1,0,0,차대사람 - 기타,신호위반,포장 - 젖음/습기,비,교차로 - 교차로안,승용,남,55세,상해없음,보행자,여,46세,중상
2019090500100614,2019년 9월 5일 20시,목요일,강원도 춘천시 퇴계동,경상사고,0,0,1,0,차대사람 - 기타,안전운전불이행,포장 - 건조,맑음,단일로 - 기타,승용,남,60세,상해없음,보행자,남,28세,경상
2019090600100030,2019년 9월 6일 00시,금요일,강원도 원주시 소초면,중상사고,0,1,0,0,차대사람 - 차도통행중,안전운전불이행,포장 - 젖음/습기,비,교차로 - 교차로부근,승용,남,36세,상해없음,보행자,남,36세,중상
2019090600100090,2019년 9월 6일 07시,금요일,강원도 강릉시 홍제동,중상사고,0,1,0,0,차대사람 - 기타,안전운전불이행,포장 - 건조,맑음,단일로 - 기타,승합,남,46세,상해없음,보행자,남,88세,중상
2019090600100440,2019년 9월 6일 17시,금요일,강원도 원주시 일산동,경상사고,0,0,1,0,차대사람 - 횡단중,안전운전불이행,포장 - 건조,맑음,교차로 - 교차로횡단보도내,승용,남,71세,상해없음,보행자,남,12세,경상
2019090600100492,2019년 9월 6일 18시,금요일,강원도 삼척시 남양동,중상사고,0,1,0,0,차대사람 - 기타,안전운전불이행,포장 - 젖음/습기,흐림,주차장 - 주차장,승용,남,43세,상해없음,보행자,남,54세,중상
2019090700100170,2019년 9월 7일 09시,토요일,강원도 삼척시 마달동,중상사고,0,1,0,0,차대사람 - 기타,안전운전불이행,포장 - 젖음/습기,흐림,주차장 - 주차장,승용,남,45세,상해없음,보행자,남,47세,중상
2019090700100369,2019년 9월 7일 17시,토요일,강원도 삼척시 남양동,경상사고,0,0,1,0,차대사람 - 기타,안전운전불이행,포장 - 건조,맑음,단일로 - 지하차도(도로)내,승용,여,35세,상해없음,보행자,여,50세,경상
2019090700100370,2019년 9월 7일 17시,토요일,강원도 홍천군 홍천읍,경상사고,0,0,1,0,차대사람 - 횡단중,보행자보호의무위반,포장 - 건조,맑음,교차로 - 교차로횡단보도내,화물,남,22세,상해없음,보행자,여,77세,경상
2019090800100071,2019년 9월 8일 05시,일요일,강원도 원주시 개운동,경상사고,0,0,1,0,차대사람 - 길가장자리구역통행중,안전운전불이행,포장 - 건조,기타,기타 - 기타,승용,남,90세 이상,상해없음,보행자,여,39세,경상
2019090800100214,2019년 9월 8일 13시,일요일,강원도 정선군 고한읍,중상사고,0,1,0,0,차대사람 - 차도통행중,안전운전불이행,포장 - 건조,맑음,단일로 - 기타,승용,남,64세,상해없음,보행자,여,57세,중상
2019090800100316,2019년 9월 8일 16시,일요일,강원도 인제군 기린면,중상사고,0,1,0,0,차대사람 - 기타,안전운전불이행,포장 - 건조,흐림,단일로 - 기타,건설기계,남,53세,상해없음,보행자,남,55세,중상
2019090900100080,2019년 9월 9일 06시,월요일,강원도 강릉시 성남동,경상사고,0,0,1,0,차대사람 - 차도통행중,안전운전불이행,포장 - 건조,맑음,단일로 - 기타,승용,여,69세,상해없음,보행자,여,69세,경상
2019090900100430,2019년 9월 9일 15시,월요일,강원도 원주시 중앙동,경상사고,0,0,1,0,차대사람 - 길가장자리구역통행중,안전운전불이행,포장 - 건조,맑음,단일로 - 기타,기타불명,기타불명,미분류,기타불명,보행자,남,63세,경상
2019090900100523,2019년 9월 9일 17시,월요일,강원도 원주시 명륜동,경상사고,0,0,1,0,차대사람 - 기타,안전운전불이행,포장 - 건조,맑음,교차로 - 교차로부근,승합,남,33세,상해없음,보행자,여,55세,경상
2019091000100227,2019년 9월 10일 09시,화요일,강원도 삼척시 정상동,중상사고,0,1,0,0,차대사람 - 기타,안전운전불이행,포장 - 건조,맑음,주차장 - 주차장,승용,남,40세,상해없음,보행자,남,75세,중상
2019091000100320,2019년 9월 10일 11시,화요일,강원도 강릉시 교동,경상사고,0,0,1,0,차대사람 - 기타,기타,포장 - 건조,맑음,단일로 - 기타,승용,남,46세,상해없음,보행자,남,64세,경상
2019091000100321,2019년 9월 10일 11시,화요일,강원도 양양군 양양읍,경상사고,0,0,1,0,차대사람 - 차도통행중,안전운전불이행,포장 - 젖음/습기,비,단일로 - 고가도로위,승용,남,49세,상해없음,보행자,여,21세,경상
2019091000100558,2019년 9월 10일 17시,화요일,강원도 춘천시 온의동,중상사고,0,1,0,0,차대사람 - 횡단중,보행자보호의무위반,포장 - 젖음/습기,비,교차로 - 교차로횡단보도내,승용,여,64세,상해없음,보행자,여,59세,중상
2019091000100810,2019년 9월 10일 22시,화요일,강원도 춘천시 석사동,사망사고,1,0,0,0,차대사람 - 횡단중,안전운전불이행,포장 - 젖음/습기,비,단일로 - 기타,승용,여,50세,상해없음,보행자,여,78세,사망
2019091000100845,2019년 9월 10일 23시,화요일,강원도 춘천시 후평동,중상사고,0,1,0,0,차대사람 - 기타,안전운전불이행,포장 - 젖음/습기,비,단일로 - 기타,승용,남,49세,상해없음,보행자,남,51세,중상
2019091100100132,2019년 9월 11일 07시,수요일,강원도 춘천시 석사동,중상사고,0,1,0,0,차대사람 - 횡단중,안전운전불이행,포장 - 건조,맑음,기타 - 기타,자전거,남,20세,상해없음,보행자,남,85세,중상
2019091100100133,2019년 9월 11일 07시,수요일,강원도 춘천시 후평동,경상사고,0,0,1,0,차대사람 - 횡단중,보행자보호의무위반,포장 - 젖음/습기,흐림,교차로 - 교차로횡단보도내,승용,남,57세,상해없음,보행자,여,16세,경상
2019091100100135,2019년 9월 11일 07시,수요일,강원도 화천군 상서면,사망사고,2,0,0,0,차대사람 - 길가장자리구역통행중,안전운전불이행,포장 - 젖음/습기,맑음,단일로 - 기타,승용,남,29세,상해없음,보행자,남,81세,사망
2019091100100175,2019년 9월 11일 08시,수요일,강원도 원주시 개운동,경상사고,0,0,1,0,차대사람 - 기타,안전운전불이행,포장 - 젖음/습기,비,단일로 - 기타,승용,남,22세,기타불명,보행자,남,15세,경상
2019091100100213,2019년 9월 11일 09시,수요일,강원도 삼척시 남양동,경상사고,0,0,1,0,차대사람 - 횡단중,보행자보호의무위반,포장 - 젖음/습기,비,단일로 - 기타,승용,남,62세,상해없음,보행자,남,88세,경상
2019091100100292,2019년 9월 11일 11시,수요일,강원도 춘천시 퇴계동,사망사고,1,0,0,0,차대사람 - 횡단중,교차로운행방법위반,포장 - 건조,맑음,단일로 - 기타,승용,여,47세,상해없음,보행자,남,75세,사망
2019091100100418,2019년 9월 11일 14시,수요일,강원도 동해시 발한동,중상사고,0,1,0,0,차대사람 - 기타,안전운전불이행,포장 - 젖음/습기,비,단일로 - 기타,승용,남,53세,상해없음,보행자,남,54세,중상
2019091100100663,2019년 9월 11일 18시,수요일,강원도 춘천시 퇴계동,경상사고,0,0,1,0,차대사람 - 횡단중,보행자보호의무위반,포장 - 건조,맑음,교차로 - 교차로안,승합,남,67세,상해없음,보행자,여,26세,경상
2019091100100715,2019년 9월 11일 19시,수요일,강원도 원주시 단계동,경상사고,0,0,1,0,차대사람 - 횡단중,보행자보호의무위반,포장 - 건조,맑음,교차로 - 교차로횡단보도내,승용,여,44세,상해없음,보행자,남,61세,경상
2019091100100716,2019년 9월 11일 19시,수요일,강원도 원주시 지정면,경상사고,0,0,1,0,차대사람 - 차도통행중,안전운전불이행,포장 - 건조,기타,교차로 - 교차로부근,승용,남,59세,상해없음,보행자,남,53세,경상
2019091200100073,2019년 9월 12일 04시,목요일,강원도 삼척시 근덕면,중상사고,0,1,0,0,차대사람 - 차도통행중,안전운전불이행,포장 - 건조,맑음,단일로 - 기타,승용,남,62세,상해없음,보행자,남,31세,중상
2019091200100103,2019년 9월 12일 06시,목요일,강원도 원주시 평원동,경상사고,0,0,1,0,차대사람 - 횡단중,보행자보호의무위반,포장 - 젖음/습기,맑음,단일로 - 기타,승용,여,55세,상해없음,보행자,남,54세,경상
2019091200100284,2019년 9월 12일 14시,목요일,강원도 춘천시 운교동,경상사고,0,0,1,0,차대사람 - 기타,안전운전불이행,포장 - 건조,맑음,주차장 - 주차장,승용,남,53세,상해없음,보행자,여,73세,경상
2019091200100285,2019년 9월 12일 14시,목요일,강원도 태백시 화전동,경상사고,0,0,1,0,차대사람 - 횡단중,안전운전불이행,포장 - 건조,맑음,교차로 - 교차로안,승용,남,67세,상해없음,보행자,남,53세,경상
2019091200100500,2019년 9월 12일 21시,목요일,강원도 동해시 부곡동,경상사고,0,0,1,0,차대사람 - 기타,안전운전불이행,포장 - 건조,흐림,교차로 - 교차로안,승용,남,59세,상해없음,보행자,남,64세,경상
2019091300100384,2019년 9월 13일 19시,금요일,강원도 양양군 강현면,경상사고,0,0,1,0,차대사람 - 기타,안전운전불이행,포장 - 건조,맑음,단일로 - 지하차도(도로)내,기타불명,남,60세,상해없음,보행자,여,59세,경상
2019091400100017,2019년 9월 14일 00시,토요일,강원도 속초시 영랑동,경상사고,0,0,1,0,차대사람 - 기타,안전운전불이행,포장 - 건조,맑음,단일로 - 고가도로위,승용,남,57세,상해없음,보행자,남,35세,경상
2019091400100097,2019년 9월 14일 10시,토요일,강원도 평창군 봉평면,중상사고,0,1,0,0,차대사람 - 횡단중,안전운전불이행,포장 - 건조,맑음,단일로 - 기타,화물,남,58세,상해없음,보행자,남,12세,중상
2019091400100230,2019년 9월 14일 15시,토요일,강원도 춘천시 석사동,중상사고,0,1,0,0,차대사람 - 차도통행중,안전운전불이행,포장 - 건조,맑음,교차로 - 교차로부근,승용,남,68세,상해없음,보행자,여,86세,중상
2019091400100254,2019년 9월 14일 16시,토요일,강원도 원주시 태장동,부상신고사고,0,0,0,1,차대사람 - 길가장자리구역통행중,안전운전불이행,포장 - 건조,맑음,단일로 - 기타,승용,남,53세,상해없음,보행자,남,13세,부상신고
2019091400100280,2019년 9월 14일 17시,토요일,강원도 영월군 주천면,경상사고,0,0,1,0,차대사람 - 횡단중,보행자보호의무위반,포장 - 건조,맑음,단일로 - 기타,승용,여,45세,상해없음,보행자,여,63세,경상
2019091400100309,2019년 9월 14일 18시,토요일,강원도 양양군 현남면,경상사고,0,0,1,0,차대사람 - 횡단중,안전운전불이행,포장 - 건조,맑음,단일로 - 기타,승용,남,72세,상해없음,보행자,남,4세,경상
2019091500100023,2019년 9월 15일 00시,일요일,강원도 속초시 장사동,중상사고,0,1,0,0,차대사람 - 횡단중,안전운전불이행,포장 - 건조,맑음,단일로 - 지하차도(도로)내,원동기,남,30세,상해없음,보행자,여,57세,중상
2019091500100428,2019년 9월 15일 21시,일요일,강원도 춘천시 석사동,경상사고,0,0,1,0,차대사람 - 기타,보행자보호의무위반,포장 - 건조,맑음,교차로 - 교차로횡단보도내,승용,남,58세,상해없음,보행자,여,19세,경상
2019091600100249,2019년 9월 16일 11시,월요일,강원도 춘천시 남면,중상사고,0,1,0,0,차대사람 - 기타,기타,포장 - 건조,맑음,단일로 - 기타,화물,남,55세,상해없음,보행자,남,62세,중상
2019091600100530,2019년 9월 16일 18시,월요일,강원도 강릉시 성남동,부상신고사고,0,0,0,1,차대사람 - 기타,안전운전불이행,포장 - 건조,흐림,단일로 - 기타,승용,여,59세,상해없음,보행자,남,55세,부상신고
2019091600100577,2019년 9월 16일 19시,월요일,강원도 원주시 명륜동,중상사고,0,1,0,0,차대사람 - 횡단중,보행자보호의무위반,포장 - 건조,맑음,단일로 - 기타,이륜,남,31세,상해없음,보행자,여,66세,중상
2019091700100202,2019년 9월 17일 09시,화요일,강원도 강릉시 교동,경상사고,0,0,1,0,차대사람 - 횡단중,보행자보호의무위반,포장 - 건조,맑음,교차로 - 교차로부근,화물,여,51세,상해없음,보행자,여,27세,경상
2019091700100203,2019년 9월 17일 09시,화요일,강원도 원주시 단구동,경상사고,0,0,1,0,차대사람 - 횡단중,보행자보호의무위반,포장 - 건조,맑음,교차로 - 교차로횡단보도내,승용,남,56세,상해없음,보행자,여,42세,경상
2019091700100537,2019년 9월 17일 18시,화요일,강원도 삼척시 도계읍,경상사고,0,0,1,0,차대사람 - 차도통행중,안전운전불이행,포장 - 건조,맑음,단일로 - 지하차도(도로)내,화물,여,58세,상해없음,보행자,여,21세,경상
2019091700100647,2019년 9월 17일 21시,화요일,강원도 평창군 평창읍,중상사고,0,1,0,0,차대사람 - 길가장자리구역통행중,안전운전불이행,포장 - 건조,맑음,단일로 - 기타,승용,남,41세,상해없음,보행자,남,90세 이상,중상
2019091800100125,2019년 9월 18일 08시,수요일,강원도 원주시 평원동,중상사고,0,1,0,0,차대사람 - 차도통행중,교차로운행방법위반,포장 - 건조,맑음,교차로 - 교차로부근,승용,남,58세,상해없음,보행자,남,55세,중상
2019091800100410,2019년 9월 18일 16시,수요일,강원도 동해시 천곡동,경상사고,0,0,1,0,차대사람 - 횡단중,보행자보호의무위반,포장 - 건조,맑음,단일로 - 기타,화물,남,61세,상해없음,보행자,남,7세,경상
2019091800100461,2019년 9월 18일 17시,수요일,강원도 인제군 기린면,경상사고,0,0,1,0,차대사람 - 횡단중,중앙선침범,포장 - 건조,맑음,단일로 - 기타,승용,남,33세,상해없음,보행자,여,10세,경상
2019091900100088,2019년 9월 19일 06시,목요일,강원도 동해시 쇄운동,중상사고,0,1,0,0,차대사람 - 길가장자리구역통행중,안전운전불이행,포장 - 건조,맑음,단일로 - 기타,승용,남,69세,상해없음,보행자,남,50세,중상
2019091900100204,2019년 9월 19일 09시,목요일,강원도 영월군 한반도면,부상신고사고,0,0,0,1,차대사람 - 기타,안전운전불이행,포장 - 건조,맑음,주차장 - 주차장,화물,남,51세,상해없음,보행자,남,55세,부상신고
2019091900100435,2019년 9월 19일 16시,목요일,강원도 춘천시 후평동,중상사고,0,1,0,0,차대사람 - 횡단중,보행자보호의무위반,포장 - 건조,맑음,교차로 - 교차로횡단보도내,승용,여,57세,상해없음,보행자,여,53세,중상
2019091900100436,2019년 9월 19일 16시,목요일,강원도 양양군 양양읍,경상사고,0,0,1,0,차대사람 - 길가장자리구역통행중,안전운전불이행,포장 - 건조,맑음,교차로 - 교차로안,승용,여,44세,상해없음,보행자,남,59세,경상
2019091900100438,2019년 9월 19일 16시,목요일,강원도 영월군 영월읍,중상사고,0,1,0,0,차대사람 - 횡단중,보행자보호의무위반,포장 - 건조,맑음,단일로 - 기타,승용,남,44세,상해없음,보행자,남,8세,중상
2019092000100232,2019년 9월 20일 10시,금요일,강원도 원주시 단계동,부상신고사고,0,0,0,1,차대사람 - 기타,안전운전불이행,포장 - 건조,맑음,단일로 - 기타,승합,남,48세,기타불명,보행자,여,59세,부상신고
2019092000100307,2019년 9월 20일 12시,금요일,강원도 춘천시 후평동,중상사고,0,1,0,0,차대사람 - 기타,보행자보호의무위반,포장 - 건조,맑음,교차로 - 교차로횡단보도내,승용,남,59세,상해없음,보행자,남,81세,중상
2019092000100430,2019년 9월 20일 16시,금요일,강원도 강릉시 노암동,경상사고,0,0,1,0,차대사람 - 기타,안전운전불이행,포장 - 건조,흐림,단일로 - 기타,화물,남,29세,상해없음,보행자,남,51세,경상
2019092000100475,2019년 9월 20일 17시,금요일,강원도 원주시 단계동,중상사고,0,1,0,0,차대사람 - 횡단중,보행자보호의무위반,포장 - 건조,맑음,단일로 - 기타,승용,남,52세,상해없음,보행자,여,12세,중상
2019092000100567,2019년 9월 20일 19시,금요일,강원도 태백시 황지동,중상사고,0,1,0,0,차대사람 - 횡단중,과속,포장 - 건조,맑음,단일로 - 기타,승용,남,57세,상해없음,보행자,남,63세,중상
2019092100100158,2019년 9월 21일 08시,토요일,강원도 속초시 교동,중상사고,0,1,0,0,차대사람 - 길가장자리구역통행중,안전운전불이행,포장 - 건조,맑음,단일로 - 지하차도(도로)내,승용,여,61세,상해없음,보행자,남,53세,중상
2019092100100236,2019년 9월 21일 11시,토요일,강원도 원주시 개운동,중상사고,0,1,0,0,차대사람 - 기타,안전운전불이행,포장 - 젖음/습기,비,단일로 - 기타,승합,남,61세,상해없음,보행자,남,63세,중상
2019092100100460,2019년 9월 21일 17시,토요일,강원도 춘천시 서면,중상사고,0,1,0,0,차대사람 - 기타,안전운전불이행,포장 - 건조,맑음,교차로 - 교차로부근,화물,남,61세,상해없음,보행자,남,66세,중상
2019092100100556,2019년 9월 21일 19시,토요일,강원도 원주시 문막읍,중상사고,0,1,0,0,차대사람 - 횡단중,안전운전불이행,포장 - 젖음/습기,비,교차로 - 교차로안,승용,남,55세,상해없음,보행자,남,51세,중상
2019092100100557,2019년 9월 21일 19시,토요일,강원도 원주시 학성동,사망사고,1,0,2,0,차대사람 - 횡단중,보행자보호의무위반,포장 - 젖음/습기,비,단일로 - 기타,승합,남,57세,상해없음,보행자,남,79세,사망
2019092100100665,2019년 9월 21일 21시,토요일,강원도 춘천시 효자동,경상사고,0,0,1,0,차대사람 - 횡단중,보행자보호의무위반,포장 - 건조,맑음,단일로 - 기타,이륜,기타불명,미분류,기타불명,보행자,남,76세,경상
2019092200100201,2019년 9월 22일 12시,일요일,강원도 원주시 명륜동,경상사고,0,0,1,0,차대사람 - 보도통행중,안전운전불이행,포장 - 젖음/습기,비,단일로 - 기타,승용,여,58세,상해없음,보행자,여,83세,경상
2019092300100213,2019년 9월 23일 10시,월요일,강원도 춘천시 후평동,경상사고,0,0,1,0,차대사람 - 기타,안전운전불이행,포장 - 건조,맑음,교차로 - 교차로횡단보도내,승용,남,37세,상해없음,보행자,남,83세,경상
2019092300100381,2019년 9월 23일 15시,월요일,강원도 춘천시 조양동,경상사고,0,0,1,0,차대사람 - 횡단중,안전운전불이행,포장 - 건조,맑음,기타 - 기타,화물,남,55세,상해없음,보행자,남,22세,경상
2019092300100418,2019년 9월 23일 16시,월요일,강원도 강릉시 송정동,중상사고,0,1,0,0,차대사람 - 보도통행중,신호위반,포장 - 건조,맑음,단일로 - 기타,승용,여,60세,상해없음,보행자,여,10세,중상
2019092400100295,2019년 9월 24일 12시,화요일,강원도 정선군 정선읍,중상사고,0,1,0,0,차대사람 - 기타,안전운전불이행,포장 - 건조,맑음,단일로 - 기타,자전거,여,48세,상해없음,보행자,여,61세,중상
2019092400100337,2019년 9월 24일 13시,화요일,강원도 원주시 우산동,중상사고,0,1,0,0,차대사람 - 횡단중,보행자보호의무위반,포장 - 건조,맑음,교차로 - 교차로부근,승용,남,37세,상해없음,보행자,남,86세,중상
2019092400100420,2019년 9월 24일 15시,화요일,강원도 동해시 부곡동,중상사고,0,1,0,0,차대사람 - 횡단중,보행자보호의무위반,포장 - 건조,맑음,단일로 - 기타,승용,여,67세,상해없음,보행자,여,71세,중상
2019092400100576,2019년 9월 24일 18시,화요일,강원도 태백시 장성동,중상사고,0,1,0,0,차대사람 - 횡단중,보행자보호의무위반,포장 - 건조,맑음,단일로 - 기타,승용,남,61세,상해없음,보행자,여,68세,중상
2019092500100094,2019년 9월 25일 06시,수요일,강원도 춘천시 퇴계동,경상사고,0,0,1,0,차대사람 - 기타,안전운전불이행,포장 - 건조,맑음,교차로 - 교차로안,승용,남,58세,상해없음,보행자,남,76세,경상
2019092500100387,2019년 9월 25일 15시,수요일,강원도 춘천시 후평동,경상사고,0,0,1,1,차대사람 - 기타,안전운전불이행,포장 - 건조,맑음,단일로 - 기타,승용,여,59세,상해없음,보행자,여,57세,부상신고
2019092500100439,2019년 9월 25일 16시,수요일,강원도 홍천군 홍천읍,경상사고,0,0,1,0,차대사람 - 기타,안전운전불이행,포장 - 건조,맑음,교차로 - 교차로안,승용,여,33세,상해없음,보행자,남,27세,경상
2019092600100028,2019년 9월 26일 00시,목요일,강원도 춘천시 퇴계동,경상사고,0,0,1,0,차대사람 - 횡단중,보행자보호의무위반,포장 - 건조,맑음,교차로 - 교차로횡단보도내,승용,남,50세,상해없음,보행자,남,25세,경상
2019092600100155,2019년 9월 26일 09시,목요일,강원도 춘천시 후평동,중상사고,0,1,0,0,차대사람 - 기타,안전운전불이행,포장 - 건조,맑음,단일로 - 기타,이륜,남,18세,상해없음,보행자,남,75세,중상
2019092600100156,2019년 9월 26일 09시,목요일,강원도 삼척시 원덕읍,중상사고,0,1,0,0,차대사람 - 길가장자리구역통행중,안전운전불이행,포장 - 건조,맑음,주차장 - 주차장,화물,남,49세,상해없음,보행자,남,70세,중상
2019092600100224,2019년 9월 26일 11시,목요일,강원도 춘천시 중앙로3가,경상사고,0,0,1,0,차대사람 - 기타,안전운전불이행,포장 - 건조,맑음,단일로 - 기타,개인형이동수단(PM),여,33세,경상,보행자,남,90세 이상,상해없음
2019092600100259,2019년 9월 26일 12시,목요일,강원도 강릉시 내곡동,경상사고,0,0,1,0,차대사람 - 기타,안전운전불이행,포장 - 건조,맑음,기타 - 기타,승용,남,40세,상해없음,보행자,여,26세,경상
2019092600100296,2019년 9월 26일 13시,목요일,강원도 원주시 문막읍,중상사고,0,1,0,0,차대사람 - 횡단중,안전운전불이행,포장 - 건조,맑음,단일로 - 기타,승용,남,80세,상해없음,보행자,여,62세,중상
2019092600100612,2019년 9월 26일 21시,목요일,강원도 춘천시 효자동,부상신고사고,0,0,0,1,차대사람 - 횡단중,안전운전불이행,포장 - 건조,맑음,교차로 - 교차로안,이륜,남,27세,상해없음,보행자,남,48세,부상신고
2019092700100349,2019년 9월 27일 13시,금요일,강원도 원주시 일산동,부상신고사고,0,0,0,1,차대사람 - 기타,안전운전불이행,포장 - 건조,맑음,기타 - 기타,승합,남,58세,상해없음,보행자,여,58세,부상신고
2019092700100511,2019년 9월 27일 17시,금요일,강원도 춘천시 온의동,경상사고,0,0,1,0,차대사람 - 기타,안전운전불이행,포장 - 건조,맑음,단일로 - 기타,승용,남,58세,상해없음,보행자,남,50세,경상
2019092800100197,2019년 9월 28일 09시,토요일,강원도 양양군 양양읍,경상사고,0,0,1,0,차대사람 - 길가장자리구역통행중,안전운전불이행,포장 - 건조,맑음,단일로 - 지하차도(도로)내,승용,남,72세,상해없음,보행자,여,72세,경상
2019092800100574,2019년 9월 28일 18시,토요일,강원도 삼척시 노곡면,중상사고,0,1,0,0,차대사람 - 길가장자리구역통행중,안전운전불이행,포장 - 건조,맑음,단일로 - 기타,승용,남,66세,상해없음,보행자,여,82세,중상
2019092800100633,2019년 9월 28일 19시,토요일,강원도 원주시 판부면,중상사고,0,1,0,0,차대사람 - 길가장자리구역통행중,안전운전불이행,포장 - 건조,맑음,단일로 - 기타,승용,여,37세,상해없음,보행자,여,75세,중상
2019092800100634,2019년 9월 28일 19시,토요일,강원도 속초시 설악동,경상사고,0,0,1,0,차대사람 - 기타,안전운전불이행,포장 - 건조,맑음,단일로 - 기타,승용,남,55세,상해없음,보행자,여,53세,경상
2019092900100105,2019년 9월 29일 07시,일요일,강원도 춘천시 온의동,중상사고,0,1,0,0,차대사람 - 횡단중,보행자보호의무위반,포장 - 건조,맑음,단일로 - 기타,승용,여,54세,상해없음,보행자,남,58세,중상
2019092900100218,2019년 9월 29일 12시,일요일,강원도 인제군 서화면,사망사고,1,0,0,0,차대사람 - 기타,안전운전불이행,포장 - 건조,맑음,단일로 - 기타,화물,남,72세,상해없음,보행자,여,87세,사망
2019092900100270,2019년 9월 29일 14시,일요일,강원도 인제군 북면,중상사고,0,1,0,0,차대사람 - 기타,안전운전불이행,포장 - 건조,맑음,교차로 - 교차로부근,승용,남,59세,상해없음,보행자,남,34세,중상
2019092900100352,2019년 9월 29일 16시,일요일,강원도 속초시 교동,중상사고,0,1,0,0,차대사람 - 횡단중,안전운전불이행,포장 - 건조,맑음,단일로 - 지하차도(도로)내,승용,남,27세,기타불명,보행자,남,5세,중상
2019092900100423,2019년 9월 29일 18시,일요일,강원도 평창군 평창읍,중상사고,0,1,0,0,차대사람 - 횡단중,보행자보호의무위반,포장 - 건조,맑음,교차로 - 교차로횡단보도내,승용,남,69세,상해없음,보행자,남,82세,중상
2019093000100323,2019년 9월 30일 13시,월요일,강원도 원주시 중앙동,경상사고,0,0,1,0,차대사람 - 길가장자리구역통행중,안전운전불이행,포장 - 건조,맑음,단일로 - 기타,승용,여,39세,상해없음,보행자,남,58세,경상
2019093000100324,2019년 9월 30일 13시,월요일,강원도 인제군 인제읍,경상사고,0,0,1,0,차대사람 - 차도통행중,안전운전불이행,포장 - 건조,맑음,교차로 - 교차로부근,승용,남,75세,상해없음,보행자,남,57세,경상
2019093000100362,2019년 9월 30일 14시,월요일,강원도 원주시 신림면,중상사고,0,1,0,0,차대사람 - 기타,안전운전불이행,포장 - 건조,맑음,단일로 - 기타,기타불명,기타불명,미분류,기타불명,보행자,남,79세,중상
2019093000100449,2019년 9월 30일 16시,월요일,강원도 강릉시 홍제동,중상사고,0,1,0,0,차대사람 - 기타,안전운전불이행,포장 - 건조,맑음,기타 - 기타,승용,남,55세,상해없음,보행자,남,8세,중상
2019093000100450,2019년 9월 30일 16시,월요일,강원도 원주시 무실동,경상사고,0,0,1,0,차대사람 - 차도통행중,안전운전불이행,포장 - 건조,맑음,교차로 - 교차로안,화물,남,39세,상해없음,보행자,여,57세,경상
2019093000100552,2019년 9월 30일 18시,월요일,강원도 양구군 양구읍,경상사고,0,0,1,0,차대사람 - 기타,안전운전불이행,포장 - 건조,맑음,교차로 - 교차로부근,화물,남,26세,상해없음,보행자,남,9세,경상
2019093000100621,2019년 9월 30일 19시,월요일,강원도 춘천시 요선동,중상사고,0,1,1,0,차대사람 - 횡단중,안전운전불이행,포장 - 건조,맑음,교차로 - 교차로안,승용,남,67세,상해없음,보행자,여,80세,중상
2019093000100704,2019년 9월 30일 22시,월요일,강원도 춘천시 석사동,경상사고,0,0,1,0,차대사람 - 길가장자리구역통행중,안전운전불이행,포장 - 건조,맑음,단일로 - 기타,승용,남,58세,상해없음,보행자,여,35세,경상
2019100100100082,2019년 10월 1일 06시,화요일,강원도 정선군 사북읍,경상사고,0,0,1,0,차대사람 - 차도통행중,안전운전불이행,포장 - 건조,맑음,단일로 - 기타,승용,여,49세,상해없음,보행자,남,42세,경상
2019100100100143,2019년 10월 1일 08시,화요일,강원도 속초시 교동,부상신고사고,0,0,0,1,차대사람 - 횡단중,보행자보호의무위반,포장 - 건조,맑음,교차로 - 교차로횡단보도내,승용,남,44세,상해없음,보행자,여,11세,부상신고
2019100100100464,2019년 10월 1일 17시,화요일,강원도 원주시 명륜동,경상사고,0,0,1,0,차대사람 - 횡단중,안전운전불이행,포장 - 건조,맑음,교차로 - 교차로안,승합,여,62세,상해없음,보행자,남,83세,경상
2019100100100576,2019년 10월 1일 19시,화요일,강원도 춘천시 효자동,경상사고,0,0,1,0,차대사람 - 횡단중,안전운전불이행,포장 - 건조,맑음,교차로 - 교차로안,승용,여,70세,상해없음,보행자,여,57세,경상
2019100100100713,2019년 10월 1일 23시,화요일,강원도 원주시 단계동,경상사고,0,0,1,0,차대사람 - 횡단중,안전운전불이행,포장 - 건조,맑음,단일로 - 기타,승용,남,24세,기타불명,보행자,남,39세,경상
2019100200100141,2019년 10월 2일 08시,수요일,강원도 양구군 양구읍,중상사고,0,1,0,0,차대사람 - 기타,안전운전불이행,포장 - 건조,맑음,기타 - 기타,화물,남,36세,상해없음,보행자,남,57세,중상