사고번호,사고일시,요일,시군구,사고내용,사망자수,중상자수,경상자수,부상신고자수,사고유형,법규위반,노면상태,기상상태,도로형태,가해운전자 차종,가해운전자 성별,가해운전자 연령,가해운전자 상해정도,피해운전자 차종,피해운전자 성별,피해운전자 연령,피해운전자 상해정도
2019100200100259,2019년 10월 2일 11시,수요일,강원도 강릉시 금학동,경상사고,0,0,1,0,차대사람 - 횡단중,보행자보호의무위반,포장 - 젖음/습기,비,단일로 - 기타,화물,남,49세,상해없음,보행자,여,45세,경상
2019100200100296,2019년 10월 2일 12시,수요일,강원도 춘천시 후평동,경상사고,0,0,1,0,차대사람 - 기타,안전운전불이행,포장 - 젖음/습기,흐림,단일로 - 기타,승용,여,73세,상해없음,보행자,남,77세,경상
2019100200100467,2019년 10월 2일 16시,수요일,강원도 강릉시 병산동,중상사고,0,1,0,0,차대사람 - 기타,안전운전불이행,포장 - 젖음/습기,비,기타 - 기타,승용,남,44세,상해없음,보행자,남,47세,중상
2019100200100581,2019년 10월 2일 18시,수요일,강원도 춘천시 퇴계동,중상사고,0,1,0,0,차대사람 - 횡단중,보행자보호의무위반,포장 - 건조,맑음,단일로 - 기타,승용,남,31세,상해없음,보행자,여,26세,중상
2019100200100584,2019년 10월 2일 18시,수요일,강원도 동해시 북평동,경상사고,0,0,1,0,차대사람 - 횡단중,보행자보호의무위반,포장 - 젖음/습기,비,단일로 - 기타,화물,남,73세,상해없음,보행자,여,61세,경상
2019100200100669,2019년 10월 2일 19시,수요일,강원도 원주시 개운동,부상신고사고,0,0,0,1,차대사람 - 횡단중,안전운전불이행,포장 - 젖음/습기,비,교차로 - 교차로횡단보도내,승용,남,36세,기타불명,보행자,여,60세,부상신고
2019100200100672,2019년 10월 2일 19시,수요일,강원도 동해시 발한동,중상사고,0,1,0,0,차대사람 - 횡단중,안전운전불이행,포장 - 젖음/습기,비,교차로 - 교차로부근,승용,여,29세,상해없음,보행자,여,56세,중상
2019100200100753,2019년 10월 2일 20시,수요일,강원도 평창군 평창읍,중상사고,0,1,0,0,차대사람 - 횡단중,보행자보호의무위반,포장 - 젖음/습기,비,단일로 - 기타,승용,남,38세,상해없음,보행자,남,58세,중상
2019100200100811,2019년 10월 2일 21시,수요일,강원도 춘천시 후평동,경상사고,0,0,1,0,차대사람 - 기타,보행자보호의무위반,포장 - 젖음/습기,비,기타 - 기타,화물,남,58세,상해없음,보행자,여,6세,경상
2019100200100864,2019년 10월 2일 22시,수요일,강원도 춘천시 근화동,경상사고,0,0,1,0,차대사람 - 횡단중,보행자보호의무위반,포장 - 젖음/습기,비,교차로 - 교차로횡단보도내,승용,남,75세,상해없음,보행자,남,47세,경상
2019100200100865,2019년 10월 2일 22시,수요일,강원도 원주시 평원동,중상사고,0,1,0,0,차대사람 - 기타,안전운전불이행,포장 - 젖음/습기,비,교차로 - 교차로안,승용,남,52세,상해없음,보행자,남,58세,중상
2019100200100911,2019년 10월 2일 23시,수요일,강원도 강릉시 노암동,경상사고,0,0,1,0,차대사람 - 횡단중,보행자보호의무위반,포장 - 젖음/습기,비,단일로 - 기타,승용,남,27세,상해없음,보행자,남,3세,경상
2019100300100343,2019년 10월 3일 14시,목요일,강원도 춘천시 중앙로2가,경상사고,0,0,1,0,차대사람 - 길가장자리구역통행중,안전운전불이행,포장 - 건조,맑음,단일로 - 기타,승용,남,86세,상해없음,보행자,여,54세,경상
2019100300100515,2019년 10월 3일 19시,목요일,강원도 속초시 장사동,부상신고사고,0,0,0,1,차대사람 - 차도통행중,안전운전불이행,포장 - 건조,맑음,교차로 - 교차로부근,승용,남,67세,상해없음,보행자,남,7세,부상신고
2019100400100066,2019년 10월 4일 05시,금요일,강원도 원주시 단계동,경상사고,0,0,1,0,차대사람 - 기타,보행자보호의무위반,포장 - 건조,맑음,교차로 - 교차로횡단보도내,승용,남,64세,상해없음,보행자,남,40세,경상
2019100400100243,2019년 10월 4일 11시,금요일,강원도 영월군 영월읍,중상사고,0,1,0,0,차대사람 - 횡단중,안전운전불이행,포장 - 건조,맑음,교차로 - 교차로횡단보도내,승용,남,44세,상해없음,보행자,여,87세,중상
2019100400100514,2019년 10월 4일 17시,금요일,강원도 춘천시 교동,중상사고,0,1,0,0,차대사람 - 횡단중,안전운전불이행,포장 - 건조,맑음,단일로 - 기타,화물,남,75세,상해없음,보행자,남,73세,중상
2019100400100564,2019년 10월 4일 18시,금요일,강원도 속초시 조양동,경상사고,0,0,1,0,차대사람 - 횡단중,안전운전불이행,포장 - 건조,맑음,단일로 - 지하차도(도로)내,승용,여,49세,상해없음,보행자,여,9세,경상
2019100400100565,2019년 10월 4일 18시,금요일,강원도 삼척시 교동,경상사고,0,0,1,0,차대사람 - 횡단중,보행자보호의무위반,포장 - 건조,맑음,단일로 - 지하차도(도로)내,승용,남,52세,상해없음,보행자,여,10세,경상
2019100400100635,2019년 10월 4일 19시,금요일,강원도 동해시 부곡동,중상사고,0,1,0,0,차대사람 - 횡단중,보행자보호의무위반,포장 - 건조,맑음,단일로 - 기타,승용,남,19세,상해없음,보행자,여,30세,중상
2019100400100677,2019년 10월 4일 20시,금요일,강원도 춘천시 석사동,경상사고,0,0,1,0,차대사람 - 기타,보행자보호의무위반,포장 - 건조,맑음,단일로 - 기타,승용,남,26세,상해없음,보행자,남,22세,경상
2019100400100678,2019년 10월 4일 20시,금요일,강원도 횡성군 서원면,사망사고,1,0,0,0,차대사람 - 횡단중,안전운전불이행,포장 - 건조,맑음,단일로 - 기타,승용,남,35세,상해없음,보행자,여,58세,사망
2019100500100277,2019년 10월 5일 13시,토요일,강원도 강릉시 포남동,경상사고,0,0,1,0,차대사람 - 횡단중,보행자보호의무위반,포장 - 젖음/습기,비,교차로 - 교차로횡단보도내,승합,남,51세,상해없음,보행자,남,11세,경상
2019100500100549,2019년 10월 5일 21시,토요일,강원도 원주시 지정면,경상사고,0,0,1,0,차대사람 - 기타,안전운전불이행,포장 - 건조,기타,기타 - 기타,승용,남,22세,상해없음,보행자,남,23세,경상
2019100600100271,2019년 10월 6일 14시,일요일,강원도 원주시 단구동,중상사고,0,1,0,0,차대사람 - 횡단중,보행자보호의무위반,포장 - 건조,맑음,교차로 - 교차로안,승용,남,39세,상해없음,보행자,남,58세,중상
2019100600100467,2019년 10월 6일 20시,일요일,강원도 영월군 영월읍,부상신고사고,0,0,0,1,차대사람 - 횡단중,보행자보호의무위반,포장 - 건조,맑음,교차로 - 교차로부근,승용,여,27세,상해없음,보행자,남,51세,부상신고
2019100700100069,2019년 10월 7일 05시,월요일,강원도 춘천시 효자동,경상사고,0,0,1,0,차대사람 - 보도통행중,안전운전불이행,포장 - 건조,흐림,교차로 - 교차로부근,승용,남,55세,상해없음,보행자,남,20세,경상
2019100700100156,2019년 10월 7일 08시,월요일,강원도 춘천시 중앙로3가,중상사고,0,1,0,0,차대사람 - 횡단중,보행자보호의무위반,포장 - 젖음/습기,비,교차로 - 교차로안,승용,남,53세,상해없음,보행자,여,53세,중상
2019100700100206,2019년 10월 7일 09시,월요일,강원도 춘천시 근화동,경상사고,0,0,1,0,차대사람 - 기타,보행자보호의무위반,포장 - 젖음/습기,비,단일로 - 기타,기타불명,기타불명,미분류,기타불명,보행자,남,15세,경상
2019100700100243,2019년 10월 7일 10시,월요일,강원도 춘천시 죽림동,중상사고,0,1,0,0,차대사람 - 기타,안전운전불이행,포장 - 젖음/습기,비,단일로 - 기타,승용,여,76세,상해없음,보행자,남,73세,중상
2019100700100416,2019년 10월 7일 15시,월요일,강원도 춘천시 효자동,중상사고,0,1,0,0,차대사람 - 횡단중,신호위반,포장 - 젖음/습기,비,교차로 - 교차로횡단보도내,승용,남,60세,상해없음,보행자,여,48세,중상
2019100700100490,2019년 10월 7일 17시,월요일,강원도 춘천시 동면,경상사고,0,0,1,0,차대사람 - 횡단중,보행자보호의무위반,포장 - 젖음/습기,비,교차로 - 교차로횡단보도내,기타불명,기타불명,미분류,기타불명,보행자,남,17세,경상
2019100700100531,2019년 10월 7일 18시,월요일,강원도 정선군 정선읍,중상사고,0,1,0,0,차대사람 - 횡단중,보행자보호의무위반,포장 - 젖음/습기,비,교차로 - 교차로횡단보도내,승용,남,64세,상해없음,보행자,여,70세,중상
2019100700100532,2019년 10월 7일 18시,월요일,강원도 정선군 정선읍,중상사고,0,1,0,0,차대사람 - 횡단중,안전운전불이행,포장 - 젖음/습기,비,단일로 - 기타,승용,남,69세,상해없음,보행자,여,90세 이상,중상
2019100700100600,2019년 10월 7일 19시,월요일,강원도 원주시 단구동,중상사고,0,1,0,0,차대사람 - 횡단중,안전운전불이행,포장 - 젖음/습기,맑음,교차로 - 교차로부근,승용,남,22세,상해없음,보행자,여,50세,중상
2019100800100059,2019년 10월 8일 02시,화요일,강원도 인제군 북면,중상사고,0,1,0,0,차대사람 - 기타,안전운전불이행,포장 - 건조,맑음,교차로 - 교차로부근,기타불명,기타불명,미분류,기타불명,보행자,남,34세,중상
2019100800100458,2019년 10월 8일 16시,화요일,강원도 원주시 부론면,경상사고,0,0,1,0,차대사람 - 길가장자리구역통행중,안전운전불이행,포장 - 건조,맑음,단일로 - 기타,승용,남,70세,상해없음,보행자,남,37세,경상
2019100900100030,2019년 10월 9일 00시,수요일,강원도 원주시 관설동,경상사고,0,0,1,0,차대사람 - 차도통행중,안전운전불이행,포장 - 건조,맑음,단일로 - 기타,승용,여,71세,상해없음,보행자,남,32세,경상
2019100900100056,2019년 10월 9일 01시,수요일,강원도 원주시 개운동,중상사고,0,1,2,0,차대사람 - 보도통행중,안전운전불이행,포장 - 건조,맑음,교차로 - 교차로횡단보도내,승용,남,53세,상해없음,보행자,여,27세,중상
2019100900100125,2019년 10월 9일 07시,수요일,강원도 홍천군 내면,중상사고,0,1,0,0,차대사람 - 기타,기타,비포장 - 건조,맑음,기타 - 기타,승합,남,45세,상해없음,보행자,남,53세,중상
2019100900100332,2019년 10월 9일 14시,수요일,강원도 춘천시 우두동,경상사고,0,0,1,0,차대사람 - 기타,안전운전불이행,포장 - 건조,맑음,단일로 - 기타,자전거,여,53세,상해없음,보행자,여,23세,경상
2019100900100487,2019년 10월 9일 18시,수요일,강원도 태백시 황지동,중상사고,0,1,0,0,차대사람 - 횡단중,안전운전불이행,포장 - 건조,맑음,단일로 - 기타,승용,남,61세,상해없음,보행자,여,74세,중상
2019100900100576,2019년 10월 9일 20시,수요일,강원도 춘천시 석사동,경상사고,0,0,1,0,차대사람 - 기타,안전운전불이행,포장 - 건조,맑음,단일로 - 기타,승합,남,58세,상해없음,보행자,남,32세,경상
2019101000100400,2019년 10월 10일 15시,목요일,강원도 속초시 교동,중상사고,0,1,0,0,차대사람 - 차도통행중,안전운전불이행,포장 - 건조,맑음,교차로 - 교차로부근,승용,남,35세,상해없음,보행자,여,59세,중상
2019101000100454,2019년 10월 10일 16시,목요일,강원도 홍천군 홍천읍,중상사고,0,1,0,0,차대사람 - 기타,안전운전불이행,포장 - 건조,맑음,단일로 - 기타,승용,남,68세,상해없음,보행자,여,62세,중상
2019101100100235,2019년 10월 11일 10시,금요일,강원도 영월군 한반도면,중상사고,0,1,0,0,차대사람 - 기타,안전운전불이행,포장 - 건조,맑음,단일로 - 지하차도(도로)내,화물,남,51세,상해없음,보행자,여,85세,중상
2019101200100076,2019년 10월 12일 03시,토요일,강원도 속초시 조양동,경상사고,0,0,1,0,차대사람 - 차도통행중,안전운전불이행,포장 - 건조,맑음,교차로 - 교차로부근,승용,남,40세,상해없음,보행자,남,24세,경상
2019101200100174,2019년 10월 12일 09시,토요일,강원도 속초시 노학동,중상사고,0,1,0,0,차대사람 - 길가장자리구역통행중,안전운전불이행,포장 - 건조,맑음,단일로 - 고가도로위,승용,남,61세,상해없음,보행자,남,69세,중상
2019101300100146,2019년 10월 13일 10시,일요일,강원도 영월군 영월읍,부상신고사고,0,0,0,1,차대사람 - 차도통행중,교차로운행방법위반,포장 - 건조,맑음,교차로 - 교차로안,승용,여,59세,상해없음,보행자,남,70세,부상신고
2019101300100178,2019년 10월 13일 11시,일요일,강원도 강릉시 초당동,경상사고,0,0,1,0,차대사람 - 기타,안전운전불이행,포장 - 건조,맑음,단일로 - 기타,승용,여,56세,상해없음,보행자,남,30세,경상
2019101300100259,2019년 10월 13일 14시,일요일,강원도 홍천군 서석면,경상사고,0,0,1,0,차대사람 - 기타,안전운전불이행,포장 - 건조,맑음,단일로 - 기타,화물,남,35세,상해없음,보행자,남,64세,경상
2019101300100394,2019년 10월 13일 18시,일요일,강원도 정선군 남면,중상사고,0,1,0,0,차대사람 - 차도통행중,안전운전불이행,포장 - 건조,맑음,단일로 - 기타,화물,남,61세,상해없음,보행자,남,71세,중상
2019101300100429,2019년 10월 13일 19시,일요일,강원도 춘천시 동면,경상사고,0,0,1,0,차대사람 - 보도통행중,기타,포장 - 건조,맑음,기타 - 기타,승용,남,63세,상해없음,보행자,남,58세,경상
2019101300100430,2019년 10월 13일 19시,일요일,강원도 동해시 평릉동,경상사고,0,0,1,0,차대사람 - 횡단중,보행자보호의무위반,포장 - 젖음/습기,비,교차로 - 교차로횡단보도내,승용,남,58세,상해없음,보행자,여,18세,경상
2019101300100495,2019년 10월 13일 21시,일요일,강원도 원주시 평원동,중상사고,0,1,0,0,차대사람 - 차도통행중,교차로운행방법위반,포장 - 건조,맑음,교차로 - 교차로안,승용,남,58세,상해없음,보행자,여,69세,중상
2019101400100576,2019년 10월 14일 18시,월요일,강원도 삼척시 남양동,중상사고,0,1,0,0,차대사람 - 횡단중,안전운전불이행,포장 - 젖음/습기,비,교차로 - 교차로안,승용,여,29세,상해없음,보행자,남,60세,중상
2019101400100636,2019년 10월 14일 19시,월요일,강원도 속초시 동명동,중상사고,0,1,0,0,차대사람 - 횡단중,신호위반,포장 - 젖음/습기,비,교차로 - 교차로안,화물,여,36세,상해없음,보행자,남,54세,중상
2019101500100357,2019년 10월 15일 13시,화요일,강원도 강릉시 교동,경상사고,0,0,1,0,차대사람 - 기타,안전운전불이행,포장 - 건조,맑음,단일로 - 기타,승용,남,59세,상해없음,보행자,남,52세,경상
2019101500100526,2019년 10월 15일 17시,화요일,강원도 삼척시 남양동,중상사고,0,1,0,0,차대사람 - 보도통행중,안전운전불이행,포장 - 건조,맑음,교차로 - 교차로부근,승합,여,21세,상해없음,보행자,남,10세,중상
2019101500100583,2019년 10월 15일 18시,화요일,강원도 원주시 소초면,사망사고,1,0,0,0,차대사람 - 횡단중,안전운전불이행,포장 - 건조,맑음,교차로 - 교차로부근,화물,남,60세,상해없음,보행자,여,70세,사망
2019101500100584,2019년 10월 15일 18시,화요일,강원도 원주시 문막읍,경상사고,0,0,1,0,차대사람 - 길가장자리구역통행중,안전운전불이행,포장 - 건조,맑음,단일로 - 기타,기타불명,기타불명,미분류,기타불명,보행자,여,58세,경상
2019101500100711,2019년 10월 15일 21시,화요일,강원도 속초시 조양동,중상사고,0,1,0,0,차대사람 - 횡단중,안전운전불이행,포장 - 건조,흐림,단일로 - 지하차도(도로)내,승용,여,69세,상해없음,보행자,남,39세,중상
2019101600100400,2019년 10월 16일 14시,수요일,강원도 동해시 쇄운동,사망사고,1,0,0,0,차대사람 - 횡단중,안전운전불이행,포장 - 건조,맑음,기타 - 기타,승용,여,41세,상해없음,보행자,여,8세,사망
2019101600100564,2019년 10월 16일 18시,수요일,강원도 춘천시 온의동,중상사고,0,1,0,0,차대사람 - 횡단중,보행자보호의무위반,포장 - 건조,맑음,교차로 - 교차로부근,승용,남,57세,상해없음,보행자,남,73세,중상
2019101600100565,2019년 10월 16일 18시,수요일,강원도 강릉시 옥천동,부상신고사고,0,0,0,1,차대사람 - 횡단중,안전운전불이행,포장 - 건조,맑음,단일로 - 기타,승용,남,25세,상해없음,보행자,남,43세,부상신고
2019101600100624,2019년 10월 16일 19시,수요일,강원도 원주시 우산동,중상사고,0,1,0,0,차대사람 - 횡단중,안전운전불이행,포장 - 건조,맑음,교차로 - 교차로부근,승용,여,50세,상해없음,보행자,여,59세,중상
2019101700100136,2019년 10월 17일 08시,목요일,강원도 영월군 영월읍,경상사고,0,0,1,0,차대사람 - 횡단중,보행자보호의무위반,포장 - 건조,맑음,단일로 - 기타,승용,여,56세,상해없음,보행자,남,8세,경상
2019101700100284,2019년 10월 17일 12시,목요일,강원도 강릉시 죽헌동,경상사고,0,0,1,0,차대사람 - 횡단중,안전운전불이행,포장 - 건조,맑음,단일로 - 기타,승용,여,53세,상해없음,보행자,여,43세,경상
2019101800100158,2019년 10월 18일 08시,금요일,강원도 원주시 우산동,경상사고,0,0,1,0,차대사람 - 횡단중,보행자보호의무위반,포장 - 건조,맑음,교차로 - 교차로안,승용,여,46세,상해없음,보행자,남,18세,경상
2019101800100160,2019년 10월 18일 08시,금요일,강원도 영월군 영월읍,부상신고사고,0,0,0,1,차대사람 - 기타,안전운전불이행,포장 - 건조,맑음,주차장 - 주차장,승용,남,65세,상해없음,보행자,남,63세,부상신고
2019101800100216,2019년 10월 18일 09시,금요일,강원도 속초시 설악동,경상사고,0,0,1,0,차대사람 - 횡단중,안전운전불이행,포장 - 젖음/습기,비,단일로 - 고가도로위,승용,남,45세,상해없음,보행자,남,62세,경상
2019101800100402,2019년 10월 18일 14시,금요일,강원도 인제군 기린면,경상사고,0,0,1,0,차대사람 - 차도통행중,안전운전불이행,포장 - 건조,맑음,단일로 - 기타,승용,여,63세,상해없음,보행자,여,47세,경상
2019101800100523,2019년 10월 18일 17시,금요일,강원도 강릉시 연곡면,중상사고,0,1,0,0,차대사람 - 횡단중,안전운전불이행,포장 - 건조,맑음,교차로 - 교차로부근,화물,여,50세,상해없음,보행자,남,56세,중상
2019101800100594,2019년 10월 18일 18시,금요일,강원도 춘천시 옥천동,중상사고,0,1,1,0,차대사람 - 횡단중,보행자보호의무위반,포장 - 건조,맑음,교차로 - 교차로횡단보도내,승용,여,65세,상해없음,보행자,여,26세,중상
2019101800100595,2019년 10월 18일 18시,금요일,강원도 원주시 문막읍,중상사고,0,1,0,0,차대사람 - 횡단중,보행자보호의무위반,포장 - 건조,맑음,교차로 - 교차로횡단보도내,승용,여,33세,상해없음,보행자,남,59세,중상
2019101800100596,2019년 10월 18일 18시,금요일,강원도 삼척시 교동,중상사고,0,1,0,0,차대사람 - 횡단중,보행자보호의무위반,포장 - 건조,흐림,단일로 - 기타,승용,남,71세,상해없음,보행자,남,11세,중상
2019101900100105,2019년 10월 19일 05시,토요일,강원도 속초시 교동,사망사고,1,0,0,0,차대사람 - 횡단중,안전운전불이행,포장 - 건조,맑음,교차로 - 교차로횡단보도내,승용,여,70세,상해없음,보행자,여,73세,사망
2019101900100215,2019년 10월 19일 10시,토요일,강원도 춘천시 중앙로3가,경상사고,0,0,1,0,차대사람 - 기타,기타,포장 - 건조,맑음,단일로 - 기타,승합,남,46세,상해없음,보행자,여,82세,경상
2019101900100361,2019년 10월 19일 14시,토요일,강원도 동해시 발한동,경상사고,0,0,1,0,차대사람 - 기타,안전운전불이행,포장 - 건조,맑음,단일로 - 기타,승용,여,43세,상해없음,보행자,남,61세,경상
2019101900100402,2019년 10월 19일 15시,토요일,강원도 강릉시 견소동,부상신고사고,0,0,0,1,차대사람 - 길가장자리구역통행중,안전운전불이행,포장 - 건조,맑음,단일로 - 기타,승용,여,34세,상해없음,보행자,남,27세,부상신고
2019101900100403,2019년 10월 19일 15시,토요일,강원도 강릉시 사천면,경상사고,0,0,1,0,차대사람 - 차도통행중,안전운전불이행,포장 - 건조,맑음,주차장 - 주차장,승용,남,25세,상해없음,보행자,여,34세,경상
2019101900100499,2019년 10월 19일 17시,토요일,강원도 태백시 소도동,중상사고,0,1,0,0,차대사람 - 차도통행중,안전운전불이행,포장 - 건조,맑음,단일로 - 기타,승용,남,43세,상해없음,보행자,남,65세,중상
2019101900100542,2019년 10월 19일 18시,토요일,강원도 강릉시 성남동,경상사고,0,0,1,0,차대사람 - 차도통행중,안전운전불이행,포장 - 건조,맑음,단일로 - 기타,승용,남,50세,상해없음,보행자,남,43세,경상
2019102000100208,2019년 10월 20일 12시,일요일,강원도 횡성군 안흥면,중상사고,0,1,0,0,차대사람 - 횡단중,안전운전불이행,포장 - 건조,맑음,주차장 - 주차장,승용,남,41세,상해없음,보행자,여,57세,중상
2019102000100318,2019년 10월 20일 15시,일요일,강원도 홍천군 내면,경상사고,0,0,1,0,차대사람 - 기타,안전운전불이행,비포장 - 건조,맑음,단일로 - 기타,승용,남,67세,상해없음,보행자,여,70세,경상
2019102000100492,2019년 10월 20일 20시,일요일,강원도 횡성군 횡성읍,중상사고,0,1,0,0,차대사람 - 기타,안전운전불이행,포장 - 건조,맑음,단일로 - 기타,승용,남,59세,상해없음,보행자,남,59세,기타불명
2019102100100133,2019년 10월 21일 08시,월요일,강원도 강릉시 옥천동,중상사고,0,1,0,0,차대사람 - 횡단중,안전운전불이행,포장 - 건조,맑음,교차로 - 교차로부근,승용,남,53세,상해없음,보행자,남,75세,중상
2019102100100178,2019년 10월 21일 09시,월요일,강원도 홍천군 내면,경상사고,0,0,1,0,차대사람 - 기타,안전운전불이행,포장 - 건조,맑음,단일로 - 기타,승용,여,56세,상해없음,보행자,여,55세,경상
2019102100100525,2019년 10월 21일 17시,월요일,강원도 원주시 개운동,중상사고,0,1,0,0,차대사람 - 기타,안전운전불이행,포장 - 건조,맑음,단일로 - 기타,승합,남,58세,상해없음,보행자,여,68세,중상
2019102100100526,2019년 10월 21일 17시,월요일,강원도 화천군 사내면,중상사고,0,1,0,0,차대사람 - 횡단중,안전운전불이행,포장 - 건조,맑음,단일로 - 기타,승용,여,43세,상해없음,보행자,여,11세,중상
2019102200100084,2019년 10월 22일 06시,화요일,강원도 춘천시 퇴계동,사망사고,1,0,0,0,차대사람 - 횡단중,보행자보호의무위반,포장 - 건조,맑음,교차로 - 교차로횡단보도내,승용,남,68세,상해없음,보행자,남,73세,사망
2019102200100401,2019년 10월 22일 15시,화요일,강원도 춘천시 동내면,경상사고,0,0,1,0,차대사람 - 횡단중,안전운전불이행,포장 - 건조,맑음,단일로 - 기타,승용,여,30세,상해없음,보행자,남,8세,경상
2019102200100442,2019년 10월 22일 16시,화요일,강원도 춘천시 효자동,경상사고,0,0,1,0,차대사람 - 기타,안전운전불이행,포장 - 건조,맑음,기타 - 기타,기타불명,기타불명,미분류,기타불명,보행자,남,20세,경상
2019102300100108,2019년 10월 23일 07시,수요일,강원도 태백시 황지동,경상사고,0,0,1,0,차대사람 - 횡단중,보행자보호의무위반,포장 - 건조,맑음,교차로 - 교차로횡단보도내,승용,남,62세,상해없음,보행자,여,50세,경상
2019102300100405,2019년 10월 23일 16시,수요일,강원도 속초시 교동,중상사고,0,1,0,0,차대사람 - 횡단중,안전운전불이행,포장 - 건조,맑음,단일로 - 지하차도(도로)내,화물,남,48세,상해없음,보행자,여,83세,중상
2019102300100497,2019년 10월 23일 18시,수요일,강원도 삼척시 정상동,경상사고,0,0,1,0,차대사람 - 횡단중,보행자보호의무위반,포장 - 건조,맑음,교차로 - 교차로안,승용,여,51세,상해없음,보행자,여,58세,경상
2019102300100562,2019년 10월 23일 19시,수요일,강원도 원주시 태장동,경상사고,0,0,1,0,차대사람 - 횡단중,신호위반,포장 - 건조,맑음,교차로 - 교차로횡단보도내,이륜,남,55세,상해없음,보행자,남,7세,경상
2019102300100626,2019년 10월 23일 21시,수요일,강원도 춘천시 후평동,경상사고,0,0,1,0,차대사람 - 기타,안전운전불이행,포장 - 건조,맑음,교차로 - 교차로부근,승용,여,57세,상해없음,보행자,남,38세,경상
2019102400100148,2019년 10월 24일 08시,목요일,강원도 강릉시 옥천동,경상사고,0,0,1,0,차대사람 - 횡단중,보행자보호의무위반,포장 - 건조,맑음,교차로 - 교차로횡단보도내,승합,남,56세,상해없음,보행자,남,70세,경상
2019102400100550,2019년 10월 24일 18시,목요일,강원도 삼척시 남양동,중상사고,0,1,0,0,차대사람 - 횡단중,안전운전불이행,포장 - 젖음/습기,비,단일로 - 지하차도(도로)내,승합,남,65세,상해없음,보행자,남,87세,중상
2019102400100611,2019년 10월 24일 19시,목요일,강원도 양양군 양양읍,중상사고,0,1,0,0,차대사람 - 차도통행중,안전운전불이행,포장 - 건조,맑음,단일로 - 기타,승용,여,43세,상해없음,보행자,남,50세,중상
2019102500100190,2019년 10월 25일 09시,금요일,강원도 동해시 발한동,중상사고,0,1,0,0,차대사람 - 횡단중,보행자보호의무위반,포장 - 젖음/습기,흐림,단일로 - 기타,승용,남,19세,상해없음,보행자,여,81세,중상
2019102500100475,2019년 10월 25일 16시,금요일,강원도 춘천시 석사동,경상사고,0,0,1,0,차대사람 - 보도통행중,보행자보호의무위반,포장 - 건조,맑음,교차로 - 교차로안,승용,여,61세,상해없음,보행자,남,9세,경상
2019102500100676,2019년 10월 25일 19시,금요일,강원도 원주시 단계동,경상사고,0,0,1,0,차대사람 - 횡단중,보행자보호의무위반,포장 - 건조,맑음,기타 - 기타,승용,남,52세,상해없음,보행자,여,50세,경상
2019102600100327,2019년 10월 26일 13시,토요일,강원도 춘천시 효자동,경상사고,0,0,1,0,차대사람 - 기타,안전운전불이행,포장 - 건조,맑음,기타 - 기타,화물,남,47세,상해없음,보행자,남,74세,경상
2019102600100372,2019년 10월 26일 14시,토요일,강원도 강릉시 임당동,경상사고,0,0,1,0,차대사람 - 길가장자리구역통행중,안전운전불이행,포장 - 건조,맑음,단일로 - 기타,이륜,여,59세,상해없음,보행자,여,48세,경상
2019102600100458,2019년 10월 26일 16시,토요일,강원도 원주시 소초면,경상사고,0,0,1,0,차대사람 - 기타,안전운전불이행,포장 - 건조,맑음,단일로 - 기타,승용,남,66세,상해없음,보행자,여,57세,경상
2019102600100577,2019년 10월 26일 19시,토요일,강원도 강릉시 옥천동,경상사고,0,0,1,0,차대사람 - 기타,안전운전불이행,포장 - 건조,맑음,단일로 - 기타,승용,남,40세,상해없음,보행자,남,80세,경상
2019102600100660,2019년 10월 26일 21시,토요일,강원도 원주시 명륜동,경상사고,0,0,1,0,차대사람 - 횡단중,안전운전불이행,포장 - 건조,맑음,교차로 - 교차로횡단보도내,화물,남,58세,상해없음,보행자,남,30세,경상
2019102700100288,2019년 10월 27일 13시,일요일,강원도 춘천시 근화동,경상사고,0,0,1,0,차대사람 - 차도통행중,신호위반,포장 - 건조,맑음,단일로 - 기타,자전거,남,58세,상해없음,보행자,남,38세,경상
2019102700100491,2019년 10월 27일 18시,일요일,강원도 정선군 신동읍,경상사고,0,0,1,0,차대사람 - 기타,안전운전불이행,포장 - 건조,맑음,단일로 - 기타,승용,여,22세,상해없음,보행자,남,14세,경상
2019102700100593,2019년 10월 27일 21시,일요일,강원도 횡성군 횡성읍,경상사고,0,0,1,0,차대사람 - 기타,안전운전불이행,포장 - 건조,맑음,교차로 - 교차로안,승용,여,29세,상해없음,보행자,남,64세,경상
2019102700100632,2019년 10월 27일 23시,일요일,강원도 강릉시 포남동,중상사고,0,1,0,0,차대사람 - 횡단중,과속,포장 - 건조,맑음,교차로 - 교차로부근,승용,남,30세,상해없음,보행자,남,24세,중상
2019102800100208,2019년 10월 28일 10시,월요일,강원도 강릉시 내곡동,경상사고,0,0,2,0,차대사람 - 기타,안전운전불이행,포장 - 건조,맑음,단일로 - 기타,승합,남,43세,상해없음,보행자,남,36세,경상
2019102800100260,2019년 10월 28일 11시,월요일,강원도 강릉시 주문진읍,경상사고,0,0,2,0,차대사람 - 보도통행중,보행자보호의무위반,포장 - 건조,맑음,교차로 - 교차로안,승용,여,54세,상해없음,보행자,남,47세,경상