사고번호,사고일시,요일,시군구,사고내용,사망자수,중상자수,경상자수,부상신고자수,사고유형,법규위반,노면상태,기상상태,도로형태,가해운전자 차종,가해운전자 성별,가해운전자 연령,가해운전자 상해정도,피해운전자 차종,피해운전자 성별,피해운전자 연령,피해운전자 상해정도
2020022600100413,2020년 2월 26일 20시,수요일,강원도 강릉시 홍제동,경상사고,0,0,1,0,차대사람 - 횡단중,안전운전불이행,포장 - 젖음/습기,비,교차로 - 교차로부근,승용,여,44세,상해없음,보행자,여,18세,경상
2020022600100456,2020년 2월 26일 22시,수요일,강원도 강릉시 옥천동,경상사고,0,0,1,0,차대사람 - 기타,안전운전불이행,포장 - 젖음/습기,비,교차로 - 교차로안,승용,남,61세,상해없음,보행자,남,69세,경상
2020022700100075,2020년 2월 27일 07시,목요일,강원도 속초시 교동,경상사고,0,0,1,0,차대사람 - 기타,안전운전불이행,비포장 - 건조,맑음,단일로 - 기타,승용,남,37세,상해없음,보행자,남,34세,경상
2020022700100158,2020년 2월 27일 11시,목요일,강원도 정선군 여량면,경상사고,0,0,1,0,차대사람 - 횡단중,안전운전불이행,포장 - 건조,맑음,교차로 - 교차로부근,화물,남,58세,상해없음,보행자,남,64세,경상
2020022700100231,2020년 2월 27일 14시,목요일,강원도 강릉시 임당동,중상사고,0,1,0,0,차대사람 - 기타,안전운전불이행,포장 - 건조,맑음,기타 - 기타,승용,여,58세,상해없음,보행자,남,49세,중상
2020022800100057,2020년 2월 28일 07시,금요일,강원도 고성군 죽왕면,중상사고,0,1,0,0,차대사람 - 횡단중,안전운전불이행,포장 - 건조,맑음,교차로 - 교차로부근,화물,남,60세,상해없음,보행자,남,24세,중상
2020022800100417,2020년 2월 28일 21시,금요일,강원도 양구군 방산면,경상사고,0,0,1,0,차대사람 - 횡단중,보행자보호의무위반,포장 - 젖음/습기,비,단일로 - 기타,승용,여,45세,상해없음,보행자,남,17세,경상
2020022800100458,2020년 2월 28일 23시,금요일,강원도 춘천시 퇴계동,중상사고,0,2,0,0,차대사람 - 기타,안전운전불이행,포장 - 건조,맑음,교차로 - 교차로안,승용,남,33세,상해없음,보행자,남,37세,중상
2020022900100253,2020년 2월 29일 16시,토요일,강원도 홍천군 홍천읍,경상사고,0,0,1,0,차대사람 - 횡단중,보행자보호의무위반,포장 - 건조,맑음,교차로 - 교차로횡단보도내,이륜,남,18세,상해없음,보행자,여,53세,경상
2020030100100078,2020년 3월 1일 11시,일요일,강원도 원주시 단구동,경상사고,0,0,1,0,차대사람 - 기타,안전운전불이행,포장 - 건조,맑음,주차장 - 주차장,승용,남,57세,상해없음,보행자,남,44세,경상
2020030300100049,2020년 3월 3일 06시,화요일,강원도 강릉시 주문진읍,경상사고,0,0,1,0,차대사람 - 기타,안전운전불이행,포장 - 건조,맑음,주차장 - 주차장,화물,남,67세,상해없음,보행자,남,79세,경상
2020030300100141,2020년 3월 3일 11시,화요일,강원도 고성군 토성면,경상사고,0,0,1,0,차대사람 - 기타,안전운전불이행,포장 - 건조,기타,기타 - 기타,화물,남,55세,상해없음,보행자,남,26세,경상
2020030300100230,2020년 3월 3일 15시,화요일,강원도 삼척시 남양동,경상사고,0,0,1,0,차대사람 - 횡단중,안전운전불이행,포장 - 건조,맑음,교차로 - 교차로횡단보도내,화물,남,43세,상해없음,보행자,여,51세,경상
2020030300100292,2020년 3월 3일 18시,화요일,강원도 철원군 동송읍,경상사고,0,0,1,0,차대사람 - 횡단중,보행자보호의무위반,포장 - 건조,맑음,단일로 - 기타,승용,남,55세,상해없음,보행자,남,56세,경상
2020030500100045,2020년 3월 5일 05시,목요일,강원도 강릉시 성남동,중상사고,0,1,0,0,차대사람 - 차도통행중,안전운전불이행,포장 - 건조,맑음,단일로 - 기타,승용,남,55세,상해없음,보행자,여,67세,중상
2020030600100103,2020년 3월 6일 08시,금요일,강원도 춘천시 석사동,중상사고,0,1,0,0,차대사람 - 기타,안전운전불이행,포장 - 건조,맑음,단일로 - 기타,승용,여,39세,상해없음,보행자,여,60세,중상
2020030600100304,2020년 3월 6일 15시,금요일,강원도 원주시 반곡동,중상사고,0,1,0,0,차대사람 - 횡단중,안전운전불이행,포장 - 건조,맑음,단일로 - 기타,승용,여,44세,상해없음,보행자,남,50세,중상
2020030700100198,2020년 3월 7일 13시,토요일,강원도 홍천군 북방면,경상사고,0,0,1,0,차대사람 - 길가장자리구역통행중,기타,포장 - 건조,맑음,단일로 - 지하차도(도로)내,화물,남,61세,상해없음,보행자,여,65세,경상
2020030700100288,2020년 3월 7일 17시,토요일,강원도 강릉시 교동,중상사고,0,3,0,0,차대사람 - 기타,안전운전불이행,포장 - 건조,맑음,단일로 - 기타,승용,남,78세,상해없음,보행자,남,23세,중상
2020030800100168,2020년 3월 8일 14시,일요일,강원도 원주시 행구동,중상사고,0,1,0,0,차대사람 - 길가장자리구역통행중,안전운전불이행,포장 - 건조,맑음,단일로 - 기타,승용,남,58세,상해없음,보행자,여,73세,중상
2020030800100328,2020년 3월 8일 20시,일요일,강원도 강릉시 주문진읍,경상사고,0,0,1,0,차대사람 - 횡단중,안전운전불이행,포장 - 건조,맑음,교차로 - 교차로안,승용,여,50세,상해없음,보행자,남,62세,경상
2020030900100123,2020년 3월 9일 09시,월요일,강원도 속초시 동명동,중상사고,0,1,0,0,차대사람 - 횡단중,안전운전불이행,포장 - 건조,맑음,교차로 - 교차로부근,화물,남,55세,상해없음,보행자,여,64세,중상
2020030900100346,2020년 3월 9일 17시,월요일,강원도 강릉시 노암동,경상사고,0,0,1,0,차대사람 - 기타,안전운전불이행,포장 - 건조,맑음,교차로 - 교차로안,승용,남,63세,상해없음,보행자,남,78세,경상
2020031000100046,2020년 3월 10일 03시,화요일,강원도 춘천시 소양로1가,경상사고,0,0,1,0,차대사람 - 횡단중,중앙선침범,포장 - 건조,맑음,단일로 - 기타,이륜,남,15세,상해없음,보행자,여,62세,경상
2020031000100341,2020년 3월 10일 18시,화요일,강원도 춘천시 동면,중상사고,0,1,0,0,차대사람 - 횡단중,안전운전불이행,포장 - 젖음/습기,비,단일로 - 기타,승용,남,64세,상해없음,보행자,여,73세,중상
2020031000100412,2020년 3월 10일 20시,화요일,강원도 강릉시 교동,경상사고,0,0,1,0,차대사람 - 횡단중,안전운전불이행,포장 - 젖음/습기,흐림,단일로 - 기타,원동기,남,21세,상해없음,보행자,여,34세,경상
2020031100100138,2020년 3월 11일 10시,수요일,강원도 춘천시 효자동,경상사고,0,0,1,0,차대사람 - 차도통행중,안전운전불이행,포장 - 건조,맑음,단일로 - 기타,기타불명,기타불명,미분류,기타불명,보행자,여,87세,경상
2020031100100163,2020년 3월 11일 11시,수요일,강원도 원주시 귀래면,중상사고,0,1,0,0,차대사람 - 길가장자리구역통행중,안전운전불이행,포장 - 건조,맑음,교차로 - 교차로부근,화물,남,57세,상해없음,보행자,여,60세,중상
2020031100100212,2020년 3월 11일 13시,수요일,강원도 동해시 천곡동,중상사고,0,1,0,0,차대사람 - 보도통행중,보행자보호의무위반,포장 - 건조,맑음,교차로 - 교차로횡단보도내,원동기,여,40세,상해없음,보행자,여,21세,중상
2020031100100395,2020년 3월 11일 18시,수요일,강원도 춘천시 소양로2가,중상사고,0,1,0,0,차대사람 - 횡단중,안전운전불이행,포장 - 건조,맑음,교차로 - 교차로안,승용,여,51세,상해없음,보행자,남,42세,중상
2020031200100022,2020년 3월 12일 02시,목요일,강원도 원주시 단계동,중상사고,0,1,1,0,차대사람 - 횡단중,신호위반,포장 - 건조,맑음,단일로 - 기타,승용,남,34세,상해없음,보행자,남,49세,중상
2020031200100413,2020년 3월 12일 18시,목요일,강원도 원주시 단계동,경상사고,0,0,1,0,차대사람 - 횡단중,안전운전불이행,포장 - 기타,맑음,기타 - 기타,화물,남,58세,상해없음,보행자,여,65세,경상
2020031200100550,2020년 3월 12일 22시,목요일,강원도 춘천시 퇴계동,중상사고,0,1,0,0,차대사람 - 횡단중,안전운전불이행,포장 - 건조,맑음,교차로 - 교차로횡단보도내,승용,남,59세,상해없음,보행자,남,56세,중상
2020031300100234,2020년 3월 13일 14시,금요일,강원도 홍천군 홍천읍,경상사고,0,0,1,0,차대사람 - 횡단중,중앙선침범,포장 - 건조,맑음,단일로 - 지하차도(도로)내,승용,남,75세,상해없음,보행자,남,82세,경상
2020031300100473,2020년 3월 13일 21시,금요일,강원도 화천군 사내면,중상사고,0,1,0,0,차대사람 - 기타,안전운전불이행,포장 - 건조,맑음,단일로 - 기타,승용,남,21세,상해없음,보행자,남,72세,중상
2020031300100520,2020년 3월 13일 23시,금요일,강원도 홍천군 남면,경상사고,0,0,1,0,차대사람 - 기타,기타,포장 - 건조,맑음,단일로 - 기타,기타불명,기타불명,미분류,기타불명,보행자,남,23세,경상
2020031400100407,2020년 3월 14일 18시,토요일,강원도 철원군 동송읍,경상사고,0,0,1,0,차대사람 - 횡단중,안전운전불이행,포장 - 건조,흐림,기타 - 기타,승용,남,41세,상해없음,보행자,여,80세,경상
2020031400100431,2020년 3월 14일 19시,토요일,강원도 원주시 문막읍,경상사고,0,0,1,0,차대사람 - 길가장자리구역통행중,안전운전불이행,포장 - 건조,맑음,교차로 - 교차로안,승용,여,31세,상해없음,보행자,여,23세,경상
2020031400100489,2020년 3월 14일 21시,토요일,강원도 춘천시 칠전동,중상사고,0,1,0,0,차대사람 - 횡단중,안전운전불이행,포장 - 건조,맑음,단일로 - 기타,승용,남,57세,상해없음,보행자,남,59세,중상
2020031500100011,2020년 3월 15일 00시,일요일,강원도 강릉시 포남동,경상사고,0,0,1,0,차대사람 - 기타,안전운전불이행,포장 - 건조,맑음,단일로 - 기타,승용,남,47세,상해없음,보행자,남,28세,경상
2020031500100245,2020년 3월 15일 18시,일요일,강원도 춘천시 효자동,경상사고,0,0,1,0,차대사람 - 횡단중,보행자보호의무위반,포장 - 건조,맑음,교차로 - 교차로횡단보도내,승용,여,27세,상해없음,보행자,여,56세,경상
2020031600100009,2020년 3월 16일 01시,월요일,강원도 동해시 천곡동,경상사고,0,0,2,0,차대사람 - 길가장자리구역통행중,안전운전불이행,포장 - 적설,눈,교차로 - 교차로안,승용,남,22세,상해없음,보행자,남,49세,경상
2020031600100271,2020년 3월 16일 14시,월요일,강원도 춘천시 효자동,중상사고,0,1,0,0,차대사람 - 기타,안전운전불이행,포장 - 건조,맑음,단일로 - 기타,승용,여,67세,상해없음,보행자,남,53세,중상
2020031600100525,2020년 3월 16일 22시,월요일,강원도 속초시 청학동,중상사고,0,1,0,0,차대사람 - 횡단중,안전운전불이행,포장 - 건조,맑음,주차장 - 주차장,승용,여,52세,기타불명,보행자,남,83세,중상
2020031700100344,2020년 3월 17일 18시,화요일,강원도 삼척시 신기면,경상사고,0,0,1,0,차대사람 - 횡단중,안전운전불이행,포장 - 건조,흐림,단일로 - 기타,승용,여,56세,상해없음,보행자,남,35세,경상
2020031800100244,2020년 3월 18일 14시,수요일,강원도 춘천시 효자동,중상사고,0,1,0,0,차대사람 - 횡단중,안전운전불이행,포장 - 건조,맑음,교차로 - 교차로안,승용,여,58세,상해없음,보행자,여,59세,중상
2020031800100351,2020년 3월 18일 17시,수요일,강원도 춘천시 중앙로2가,경상사고,0,0,1,0,차대사람 - 횡단중,보행자보호의무위반,포장 - 건조,맑음,교차로 - 교차로횡단보도내,이륜,남,34세,상해없음,보행자,여,60세,경상
2020031800100421,2020년 3월 18일 19시,수요일,강원도 평창군 봉평면,중상사고,0,1,0,0,차대사람 - 차도통행중,안전운전불이행,포장 - 건조,맑음,단일로 - 기타,승용,남,72세,상해없음,보행자,남,82세,중상
2020031900100178,2020년 3월 19일 13시,목요일,강원도 원주시 단구동,경상사고,0,0,1,0,차대사람 - 횡단중,신호위반,포장 - 건조,맑음,기타 - 기타,승용,여,47세,상해없음,보행자,여,64세,경상
2020031900100179,2020년 3월 19일 13시,목요일,강원도 양양군 양양읍,경상사고,0,0,1,0,차대사람 - 횡단중,안전운전불이행,포장 - 건조,맑음,단일로 - 지하차도(도로)내,승용,여,73세,상해없음,보행자,남,58세,경상
2020031900100236,2020년 3월 19일 15시,목요일,강원도 동해시 구미동,경상사고,0,0,1,0,차대사람 - 보도통행중,보행자보호의무위반,포장 - 건조,맑음,교차로 - 교차로안,승합,남,57세,상해없음,보행자,여,67세,경상
2020031900100340,2020년 3월 19일 18시,목요일,강원도 원주시 단계동,경상사고,0,0,1,0,차대사람 - 횡단중,보행자보호의무위반,포장 - 건조,맑음,교차로 - 교차로횡단보도내,승용,여,49세,상해없음,보행자,남,24세,경상
2020031900100380,2020년 3월 19일 19시,목요일,강원도 원주시 명륜동,경상사고,0,0,1,0,차대사람 - 보도통행중,보행자보호의무위반,포장 - 건조,맑음,교차로 - 교차로횡단보도내,승용,남,57세,상해없음,보행자,여,24세,경상
2020032000100216,2020년 3월 20일 12시,금요일,강원도 횡성군 횡성읍,중상사고,0,1,0,0,차대사람 - 기타,안전운전불이행,포장 - 건조,맑음,교차로 - 교차로부근,화물,남,51세,상해없음,보행자,남,78세,중상
2020032000100332,2020년 3월 20일 15시,금요일,강원도 원주시 학성동,중상사고,0,1,0,0,차대사람 - 횡단중,보행자보호의무위반,포장 - 건조,맑음,단일로 - 기타,승용,여,36세,상해없음,보행자,남,80세,중상
2020032000100334,2020년 3월 20일 15시,금요일,강원도 태백시 황지동,경상사고,0,0,1,0,차대사람 - 기타,안전운전불이행,포장 - 건조,맑음,주차장 - 주차장,승용,남,84세,상해없음,보행자,여,63세,경상
2020032000100376,2020년 3월 20일 16시,금요일,강원도 영월군 영월읍,경상사고,0,0,1,0,차대사람 - 횡단중,안전운전불이행,포장 - 건조,맑음,단일로 - 지하차도(도로)내,승용,남,42세,상해없음,보행자,남,11세,경상
2020032000100594,2020년 3월 20일 23시,금요일,강원도 동해시 평릉동,중상사고,0,1,0,0,차대사람 - 횡단중,안전운전불이행,포장 - 건조,맑음,교차로 - 교차로안,승용,남,35세,상해없음,보행자,남,49세,중상
2020032200100325,2020년 3월 22일 19시,일요일,강원도 원주시 반곡동,경상사고,0,0,1,0,차대사람 - 기타,안전운전불이행,포장 - 건조,맑음,단일로 - 기타,승용,남,37세,상해없음,보행자,남,39세,경상
2020032300100161,2020년 3월 23일 10시,월요일,강원도 고성군 토성면,부상신고사고,0,0,0,1,차대사람 - 기타,안전운전불이행,포장 - 건조,맑음,기타 - 기타,화물,남,44세,상해없음,보행자,여,71세,부상신고
2020032300100256,2020년 3월 23일 13시,월요일,강원도 강릉시 안현동,경상사고,0,0,1,0,차대사람 - 횡단중,보행자보호의무위반,포장 - 건조,맑음,교차로 - 교차로횡단보도내,승용,남,37세,상해없음,보행자,남,44세,경상
2020032400100314,2020년 3월 24일 15시,화요일,강원도 원주시 관설동,경상사고,0,0,1,0,차대사람 - 횡단중,안전운전불이행,포장 - 건조,맑음,단일로 - 기타,승용,여,70세,상해없음,보행자,남,73세,경상
2020032400100532,2020년 3월 24일 22시,화요일,강원도 원주시 중앙동,경상사고,0,0,1,0,차대사람 - 횡단중,신호위반,포장 - 건조,맑음,교차로 - 교차로횡단보도내,승용,남,57세,상해없음,보행자,남,60세,경상
2020032500100339,2020년 3월 25일 16시,수요일,강원도 강릉시 교동,경상사고,0,0,1,0,차대사람 - 횡단중,보행자보호의무위반,포장 - 건조,맑음,교차로 - 교차로부근,승용,남,82세,상해없음,보행자,여,12세,경상
2020032500100382,2020년 3월 25일 17시,수요일,강원도 춘천시 퇴계동,중상사고,0,1,0,0,차대사람 - 횡단중,안전운전불이행,포장 - 건조,맑음,단일로 - 기타,승용,남,77세,상해없음,보행자,여,79세,중상
2020032600100131,2020년 3월 26일 10시,목요일,강원도 원주시 단계동,경상사고,0,0,1,0,차대사람 - 차도통행중,보행자보호의무위반,포장 - 건조,맑음,교차로 - 교차로안,승용,여,26세,상해없음,보행자,여,90세,경상
2020032600100321,2020년 3월 26일 17시,목요일,강원도 춘천시 후평동,경상사고,0,0,1,0,차대사람 - 횡단중,보행자보호의무위반,포장 - 건조,맑음,교차로 - 교차로횡단보도내,승용,여,56세,상해없음,보행자,남,10세,경상
2020032600100479,2020년 3월 26일 21시,목요일,강원도 원주시 관설동,경상사고,0,0,1,0,차대사람 - 횡단중,보행자보호의무위반,포장 - 젖음/습기,비,교차로 - 교차로횡단보도내,승용,여,25세,기타불명,보행자,남,28세,경상
2020032700100012,2020년 3월 27일 00시,금요일,강원도 원주시 학성동,중상사고,0,1,0,0,차대사람 - 횡단중,보행자보호의무위반,포장 - 젖음/습기,비,단일로 - 기타,승합,남,51세,상해없음,보행자,남,74세,중상
2020032700100170,2020년 3월 27일 11시,금요일,강원도 춘천시 후평동,경상사고,0,0,1,0,차대사람 - 차도통행중,안전운전불이행,포장 - 건조,맑음,단일로 - 기타,승용,남,78세,상해없음,보행자,여,34세,경상
2020032700100327,2020년 3월 27일 16시,금요일,강원도 태백시 황지동,중상사고,0,1,0,0,차대사람 - 보도통행중,보행자보호의무위반,포장 - 젖음/습기,비,단일로 - 기타,승용,여,20세,상해없음,보행자,남,80세,중상
2020032700100368,2020년 3월 27일 17시,금요일,강원도 속초시 교동,중상사고,0,1,0,0,차대사람 - 기타,안전운전불이행,포장 - 건조,맑음,교차로 - 교차로부근,승용,여,53세,상해없음,보행자,남,40세,중상
2020032700100412,2020년 3월 27일 18시,금요일,강원도 홍천군 홍천읍,경상사고,0,0,1,0,차대사람 - 길가장자리구역통행중,안전운전불이행,포장 - 건조,맑음,단일로 - 지하차도(도로)내,화물,남,42세,상해없음,보행자,남,32세,경상
2020032800100007,2020년 3월 28일 00시,토요일,강원도 원주시 무실동,중상사고,0,1,0,0,차대사람 - 기타,안전운전불이행,포장 - 건조,맑음,단일로 - 기타,승용,남,53세,기타불명,보행자,남,39세,중상
2020032800100082,2020년 3월 28일 07시,토요일,강원도 강릉시 옥천동,경상사고,0,0,1,0,차대사람 - 횡단중,안전운전불이행,포장 - 건조,맑음,교차로 - 교차로안,화물,남,72세,상해없음,보행자,여,84세,경상
2020032800100146,2020년 3월 28일 10시,토요일,강원도 춘천시 동내면,경상사고,0,0,1,0,차대사람 - 횡단중,보행자보호의무위반,포장 - 건조,맑음,교차로 - 교차로횡단보도내,승용,남,86세,상해없음,보행자,여,74세,경상
2020032800100343,2020년 3월 28일 17시,토요일,강원도 원주시 학성동,경상사고,0,0,1,0,차대사람 - 기타,안전운전불이행,포장 - 건조,맑음,교차로 - 교차로안,승합,남,63세,기타불명,보행자,여,42세,경상
2020032800100368,2020년 3월 28일 18시,토요일,강원도 원주시 명륜동,경상사고,0,0,1,0,차대사람 - 보도통행중,보행자보호의무위반,포장 - 기타,맑음,교차로 - 교차로부근,승용,여,61세,상해없음,보행자,남,83세,경상
2020032800100468,2020년 3월 28일 21시,토요일,강원도 강릉시 교동,경상사고,0,0,1,0,차대사람 - 횡단중,보행자보호의무위반,포장 - 건조,맑음,교차로 - 교차로횡단보도내,승용,남,43세,상해없음,보행자,여,14세,경상
2020032900100081,2020년 3월 29일 08시,일요일,강원도 춘천시 온의동,경상사고,0,0,1,0,차대사람 - 기타,중앙선침범,포장 - 건조,맑음,교차로 - 교차로부근,승용,남,20세,상해없음,보행자,여,22세,경상
2020033000100308,2020년 3월 30일 15시,월요일,강원도 원주시 학성동,중상사고,0,1,0,0,차대사람 - 횡단중,신호위반,포장 - 건조,맑음,단일로 - 기타,승용,남,53세,상해없음,보행자,남,83세,중상
2020033100100111,2020년 3월 31일 09시,화요일,강원도 태백시 황지동,중상사고,0,1,0,0,차대사람 - 기타,안전운전불이행,포장 - 건조,맑음,단일로 - 기타,승용,여,47세,상해없음,보행자,여,60세,중상
2020040100100248,2020년 4월 1일 14시,수요일,강원도 원주시 일산동,경상사고,0,0,1,0,차대사람 - 차도통행중,안전운전불이행,포장 - 건조,맑음,단일로 - 기타,승용,여,24세,상해없음,보행자,남,63세,경상
2020040400100319,2020년 4월 4일 15시,토요일,강원도 속초시 장사동,중상사고,0,1,0,0,차대사람 - 횡단중,안전운전불이행,포장 - 건조,맑음,단일로 - 지하차도(도로)내,승용,남,53세,상해없음,보행자,남,59세,중상
2020040400100370,2020년 4월 4일 16시,토요일,강원도 횡성군 횡성읍,경상사고,0,0,1,0,차대사람 - 차도통행중,안전운전불이행,포장 - 건조,맑음,교차로 - 교차로안,화물,남,41세,상해없음,보행자,남,45세,경상
2020040400100485,2020년 4월 4일 19시,토요일,강원도 정선군 정선읍,중상사고,0,1,0,0,차대사람 - 차도통행중,안전운전불이행,포장 - 건조,맑음,단일로 - 기타,승용,여,48세,상해없음,보행자,남,59세,중상
2020040400100521,2020년 4월 4일 20시,토요일,강원도 원주시 원동,중상사고,0,1,0,0,차대사람 - 기타,안전운전불이행,포장 - 건조,맑음,단일로 - 기타,화물,남,52세,상해없음,보행자,남,25세,중상
2020040400100542,2020년 4월 4일 21시,토요일,강원도 동해시 발한동,중상사고,0,1,0,0,차대사람 - 횡단중,보행자보호의무위반,포장 - 건조,맑음,단일로 - 기타,승용,남,71세,상해없음,보행자,남,59세,중상
2020040500100062,2020년 4월 5일 05시,일요일,강원도 철원군 갈말읍,사망사고,1,0,0,0,차대사람 - 차도통행중,안전운전불이행,포장 - 건조,맑음,단일로 - 기타,승용,남,26세,상해없음,보행자,남,59세,사망
2020040500100255,2020년 4월 5일 15시,일요일,강원도 고성군 거진읍,부상신고사고,0,0,0,1,차대사람 - 기타,기타,포장 - 건조,맑음,기타 - 기타,화물,남,65세,상해없음,보행자,남,76세,부상신고
2020040600100184,2020년 4월 6일 11시,월요일,강원도 철원군 서면,중상사고,0,1,0,0,차대사람 - 기타,안전운전불이행,포장 - 건조,맑음,기타 - 기타,승용,여,57세,상해없음,보행자,남,66세,중상
2020040600100405,2020년 4월 6일 17시,월요일,강원도 홍천군 홍천읍,경상사고,0,0,1,0,차대사람 - 보도통행중,기타,포장 - 건조,맑음,단일로 - 지하차도(도로)내,자전거,남,64세,상해없음,보행자,남,41세,경상
2020040600100463,2020년 4월 6일 19시,월요일,강원도 원주시 태장동,경상사고,0,0,1,0,차대사람 - 기타,안전운전불이행,포장 - 건조,맑음,교차로 - 교차로부근,승용,남,80세,상해없음,보행자,여,14세,경상
2020040700100268,2020년 4월 7일 14시,화요일,강원도 원주시 개운동,경상사고,0,0,1,0,차대사람 - 보도통행중,안전운전불이행,포장 - 건조,맑음,단일로 - 기타,승용,여,41세,기타불명,보행자,남,22세,경상
2020040700100398,2020년 4월 7일 18시,화요일,강원도 철원군 동송읍,경상사고,0,0,1,0,차대사람 - 횡단중,보행자보호의무위반,포장 - 건조,맑음,교차로 - 교차로횡단보도내,승용,남,63세,상해없음,보행자,남,60세,경상
2020040900100368,2020년 4월 9일 16시,목요일,강원도 태백시 장성동,부상신고사고,0,0,0,1,차대사람 - 기타,안전운전불이행,포장 - 건조,맑음,단일로 - 기타,승용,여,53세,상해없음,보행자,여,71세,부상신고
2020040900100516,2020년 4월 9일 20시,목요일,강원도 춘천시 석사동,부상신고사고,0,0,0,1,차대사람 - 횡단중,신호위반,포장 - 건조,맑음,교차로 - 교차로안,승용,남,39세,상해없음,보행자,여,13세,부상신고
2020041000100075,2020년 4월 10일 07시,금요일,강원도 고성군 간성읍,경상사고,0,0,1,0,차대사람 - 기타,안전운전불이행,포장 - 건조,맑음,교차로 - 교차로부근,화물,남,65세,상해없음,보행자,남,33세,경상
2020041000100148,2020년 4월 10일 10시,금요일,강원도 춘천시 석사동,경상사고,0,0,1,0,차대사람 - 횡단중,보행자보호의무위반,포장 - 건조,맑음,단일로 - 기타,화물,남,34세,상해없음,보행자,여,79세,경상
2020041000100221,2020년 4월 10일 12시,금요일,강원도 화천군 화천읍,경상사고,0,0,1,0,차대사람 - 횡단중,안전운전불이행,포장 - 건조,맑음,교차로 - 교차로부근,승용,여,48세,상해없음,보행자,남,81세,경상
2020041000100365,2020년 4월 10일 16시,금요일,강원도 강릉시 교동,경상사고,0,0,1,0,차대사람 - 횡단중,안전운전불이행,포장 - 건조,맑음,교차로 - 교차로안,승용,여,34세,상해없음,보행자,여,4세,경상
2020041000100556,2020년 4월 10일 22시,금요일,강원도 속초시 조양동,중상사고,0,1,0,0,차대사람 - 횡단중,안전운전불이행,포장 - 건조,맑음,교차로 - 교차로안,승용,여,23세,상해없음,보행자,여,68세,중상
2020041100100238,2020년 4월 11일 13시,토요일,강원도 태백시 황지동,중상사고,0,1,0,0,차대사람 - 기타,안전운전불이행,포장 - 건조,맑음,단일로 - 기타,화물,남,45세,상해없음,보행자,남,69세,중상
2020041100100423,2020년 4월 11일 18시,토요일,강원도 양양군 손양면,경상사고,0,0,1,0,차대사람 - 길가장자리구역통행중,안전운전불이행,포장 - 건조,맑음,교차로 - 교차로안,승용,여,60세,상해없음,보행자,남,57세,경상
2020041100100462,2020년 4월 11일 19시,토요일,강원도 속초시 대포동,경상사고,0,0,1,0,차대사람 - 길가장자리구역통행중,안전운전불이행,포장 - 건조,맑음,교차로 - 교차로부근,승용,남,50세,상해없음,보행자,남,34세,경상
2020041100100548,2020년 4월 11일 22시,토요일,강원도 속초시 교동,중상사고,0,1,0,0,차대사람 - 횡단중,안전운전불이행,포장 - 건조,맑음,교차로 - 교차로안,승용,남,62세,상해없음,보행자,남,49세,중상
2020041200100412,2020년 4월 12일 22시,일요일,강원도 속초시 교동,경상사고,0,0,1,0,차대사람 - 길가장자리구역통행중,안전운전불이행,포장 - 건조,맑음,단일로 - 지하차도(도로)내,승용,남,27세,상해없음,보행자,여,79세,경상
2020041300100203,2020년 4월 13일 12시,월요일,강원도 속초시 교동,경상사고,0,0,1,0,차대사람 - 횡단중,안전운전불이행,포장 - 건조,맑음,교차로 - 교차로안,화물,남,58세,상해없음,보행자,남,75세,경상
2020041300100382,2020년 4월 13일 17시,월요일,강원도 강릉시 입암동,중상사고,0,1,0,0,차대사람 - 횡단중,안전운전불이행,포장 - 건조,맑음,교차로 - 교차로부근,승용,남,52세,상해없음,보행자,여,63세,중상
2020041300100383,2020년 4월 13일 17시,월요일,강원도 원주시 개운동,중상사고,0,1,0,0,차대사람 - 차도통행중,안전운전불이행,포장 - 기타,맑음,단일로 - 기타,승용,남,64세,상해없음,보행자,남,27세,중상
2020041300100429,2020년 4월 13일 18시,월요일,강원도 춘천시 운교동,경상사고,0,0,1,0,차대사람 - 길가장자리구역통행중,안전운전불이행,포장 - 건조,맑음,단일로 - 기타,승용,남,58세,상해없음,보행자,여,42세,경상
2020041300100557,2020년 4월 13일 21시,월요일,강원도 동해시 동회동,경상사고,0,0,1,0,차대사람 - 차도통행중,안전운전불이행,포장 - 건조,맑음,교차로 - 교차로안,승용,남,43세,상해없음,보행자,여,65세,경상
2020041400100148,2020년 4월 14일 10시,화요일,강원도 춘천시 효자동,경상사고,0,0,1,0,차대사람 - 기타,안전운전불이행,포장 - 건조,맑음,단일로 - 기타,화물,남,57세,상해없음,보행자,남,31세,경상
2020041400100284,2020년 4월 14일 14시,화요일,강원도 속초시 교동,경상사고,0,0,1,0,차대사람 - 횡단중,안전운전불이행,포장 - 건조,맑음,교차로 - 교차로부근,승용,남,63세,상해없음,보행자,남,66세,경상
2020041400100567,2020년 4월 14일 22시,화요일,강원도 동해시 망상동,중상사고,0,1,0,0,차대사람 - 횡단중,신호위반,포장 - 건조,맑음,교차로 - 교차로횡단보도내,승용,여,61세,상해없음,보행자,여,61세,중상
2020041500100152,2020년 4월 15일 11시,수요일,강원도 강릉시 주문진읍,경상사고,0,0,1,0,차대사람 - 횡단중,기타,포장 - 건조,맑음,단일로 - 기타,승용,여,61세,상해없음,보행자,여,4세,경상