사고번호,사고일시,요일,시군구,사고내용,사망자수,중상자수,경상자수,부상신고자수,사고유형,법규위반,노면상태,기상상태,도로형태,가해운전자 차종,가해운전자 성별,가해운전자 연령,가해운전자 상해정도,피해운전자 차종,피해운전자 성별,피해운전자 연령,피해운전자 상해정도
2020052500100294,2020년 5월 25일 14시,월요일,강원도 태백시 황지동,경상사고,0,0,1,0,차대사람 - 기타,안전운전불이행,포장 - 건조,맑음,주차장 - 주차장,승용,남,56세,상해없음,보행자,남,6세,경상
2020052700100571,2020년 5월 27일 19시,수요일,강원도 춘천시 퇴계동,경상사고,0,0,1,0,차대사람 - 기타,안전운전불이행,포장 - 건조,맑음,단일로 - 기타,승용,여,50세,상해없음,보행자,남,7세,경상
2020052700100572,2020년 5월 27일 19시,수요일,강원도 원주시 단계동,중상사고,0,1,0,0,차대사람 - 차도통행중,안전운전불이행,포장 - 건조,맑음,단일로 - 기타,승용,여,64세,상해없음,보행자,여,56세,중상
2020052700100635,2020년 5월 27일 21시,수요일,강원도 영월군 영월읍,경상사고,0,0,1,0,차대사람 - 차도통행중,안전운전불이행,포장 - 건조,맑음,단일로 - 지하차도(도로)내,승용,남,49세,상해없음,보행자,남,47세,경상
2020052800100024,2020년 5월 28일 02시,목요일,강원도 홍천군 내촌면,중상사고,0,1,0,0,차대사람 - 보도통행중,안전운전불이행,포장 - 건조,맑음,주차장 - 주차장,화물,남,64세,상해없음,보행자,여,60세,중상
2020052800100144,2020년 5월 28일 09시,목요일,강원도 홍천군 북방면,중상사고,0,1,0,0,차대사람 - 기타,과속,포장 - 건조,맑음,단일로 - 교량,승용,남,55세,상해없음,보행자,남,51세,중상
2020052900100055,2020년 5월 29일 06시,금요일,강원도 원주시 평원동,경상사고,0,0,1,0,차대사람 - 차도통행중,보행자보호의무위반,포장 - 건조,맑음,단일로 - 기타,승용,남,65세,상해없음,보행자,여,60세,경상
2020052900100072,2020년 5월 29일 07시,금요일,강원도 홍천군 남면,중상사고,0,1,0,0,차대사람 - 길가장자리구역통행중,안전운전불이행,포장 - 건조,맑음,교차로 - 교차로안,승용,여,57세,상해없음,보행자,여,18세,중상
2020052900100120,2020년 5월 29일 08시,금요일,강원도 양양군 양양읍,경상사고,0,0,1,0,차대사람 - 횡단중,안전운전불이행,포장 - 건조,맑음,교차로 - 교차로부근,승용,남,53세,상해없음,보행자,여,77세,경상
2020052900100249,2020년 5월 29일 11시,금요일,강원도 강릉시 성남동,경상사고,0,0,1,0,차대사람 - 차도통행중,안전운전불이행,포장 - 건조,맑음,단일로 - 기타,화물,남,72세,상해없음,보행자,여,70세,경상
2020052900100250,2020년 5월 29일 11시,금요일,강원도 삼척시 근덕면,경상사고,0,0,1,0,차대사람 - 기타,안전운전불이행,포장 - 건조,맑음,단일로 - 기타,화물,남,47세,상해없음,보행자,남,64세,경상
2020052900100349,2020년 5월 29일 14시,금요일,강원도 원주시 소초면,중상사고,0,1,0,0,차대사람 - 기타,안전운전불이행,포장 - 건조,맑음,단일로 - 기타,승용,남,61세,상해없음,보행자,남,78세,중상
2020052900100435,2020년 5월 29일 16시,금요일,강원도 춘천시 소양로3가,경상사고,0,0,1,0,차대사람 - 횡단중,신호위반,포장 - 건조,맑음,교차로 - 교차로횡단보도내,승용,남,74세,상해없음,보행자,남,64세,경상
2020052900100628,2020년 5월 29일 20시,금요일,강원도 원주시 단계동,경상사고,0,0,1,0,차대사람 - 기타,안전운전불이행,포장 - 건조,맑음,교차로 - 교차로안,승용,남,76세,상해없음,보행자,남,28세,경상
2020052900100673,2020년 5월 29일 21시,금요일,강원도 강릉시 홍제동,경상사고,0,0,1,0,차대사람 - 길가장자리구역통행중,안전운전불이행,포장 - 건조,맑음,단일로 - 기타,승용,여,22세,상해없음,보행자,남,20세,경상
2020053000100045,2020년 5월 30일 02시,토요일,강원도 춘천시 효자동,경상사고,0,0,1,0,차대사람 - 기타,안전운전불이행,포장 - 건조,맑음,단일로 - 기타,승용,남,22세,상해없음,보행자,남,21세,경상
2020053000100268,2020년 5월 30일 12시,토요일,강원도 삼척시 근덕면,중상사고,0,1,0,0,차대사람 - 기타,안전운전불이행,포장 - 건조,맑음,단일로 - 기타,화물,남,55세,상해없음,보행자,남,68세,중상
2020053000100573,2020년 5월 30일 20시,토요일,강원도 강릉시 내곡동,중상사고,0,1,0,0,차대사람 - 횡단중,보행자보호의무위반,포장 - 건조,맑음,교차로 - 교차로횡단보도내,승용,남,58세,상해없음,보행자,남,24세,중상
2020053100100108,2020년 5월 31일 10시,일요일,강원도 고성군 현내면,중상사고,0,1,0,0,차대사람 - 횡단중,과속,포장 - 건조,맑음,기타 - 기타,승합,남,71세,상해없음,보행자,여,11세,중상
2020060100100097,2020년 6월 1일 08시,월요일,강원도 속초시 청호동,중상사고,0,1,1,0,차대사람 - 횡단중,안전운전불이행,포장 - 건조,맑음,교차로 - 교차로횡단보도내,승용,여,29세,상해없음,보행자,여,45세,중상
2020060100100215,2020년 6월 1일 11시,월요일,강원도 원주시 단구동,중상사고,0,1,0,0,차대사람 - 횡단중,보행자보호의무위반,포장 - 건조,맑음,교차로 - 교차로횡단보도내,승합,남,59세,상해없음,보행자,여,73세,중상
2020060100100254,2020년 6월 1일 12시,월요일,강원도 원주시 단구동,중상사고,0,1,0,0,차대사람 - 횡단중,보행자보호의무위반,포장 - 건조,맑음,교차로 - 교차로횡단보도내,승용,남,74세,상해없음,보행자,여,54세,중상
2020060100100728,2020년 6월 1일 23시,월요일,강원도 속초시 교동,중상사고,0,1,0,0,차대사람 - 기타,안전운전불이행,포장 - 건조,맑음,교차로 - 교차로부근,승용,남,48세,상해없음,보행자,남,35세,중상
2020060200100483,2020년 6월 2일 18시,화요일,강원도 원주시 단계동,경상사고,0,0,1,0,차대사람 - 횡단중,보행자보호의무위반,포장 - 건조,맑음,교차로 - 교차로횡단보도내,화물,남,57세,상해없음,보행자,여,54세,경상
2020060200100595,2020년 6월 2일 22시,화요일,강원도 원주시 지정면,중상사고,0,1,0,0,차대사람 - 횡단중,안전운전불이행,포장 - 건조,맑음,단일로 - 기타,승용,남,33세,상해없음,보행자,남,41세,중상
2020060200100613,2020년 6월 2일 23시,화요일,강원도 춘천시 효자동,경상사고,0,0,1,0,차대사람 - 기타,안전운전불이행,포장 - 건조,맑음,교차로 - 교차로부근,승용,남,36세,상해없음,보행자,남,24세,경상
2020060300100153,2020년 6월 3일 10시,수요일,강원도 화천군 화천읍,중상사고,0,1,0,0,차대사람 - 횡단중,안전운전불이행,포장 - 건조,맑음,단일로 - 기타,특수,남,53세,상해없음,보행자,여,84세,중상
2020060300100474,2020년 6월 3일 18시,수요일,강원도 강릉시 입암동,중상사고,0,1,0,0,차대사람 - 횡단중,안전운전불이행,포장 - 건조,맑음,단일로 - 기타,승용,남,48세,상해없음,보행자,여,58세,중상
2020060400100260,2020년 6월 4일 13시,목요일,강원도 춘천시 후평동,경상사고,0,0,1,0,차대사람 - 횡단중,안전운전불이행,포장 - 건조,맑음,단일로 - 기타,화물,남,55세,상해없음,보행자,남,9세,경상
2020060400100299,2020년 6월 4일 14시,목요일,강원도 동해시 발한동,경상사고,0,0,1,0,차대사람 - 횡단중,보행자보호의무위반,포장 - 건조,맑음,단일로 - 기타,승용,남,62세,상해없음,보행자,남,63세,경상
2020060400100387,2020년 6월 4일 16시,목요일,강원도 홍천군 북방면,중상사고,0,1,0,0,차대사람 - 기타,안전운전불이행,포장 - 건조,기타,주차장 - 주차장,승용,남,64세,상해없음,보행자,남,46세,중상
2020060500100110,2020년 6월 5일 08시,금요일,강원도 춘천시 후평동,경상사고,0,0,1,0,차대사람 - 횡단중,보행자보호의무위반,포장 - 건조,맑음,교차로 - 교차로횡단보도내,화물,남,71세,상해없음,보행자,남,23세,경상
2020060500100111,2020년 6월 5일 08시,금요일,강원도 원주시 단계동,중상사고,0,1,0,0,차대사람 - 횡단중,보행자보호의무위반,포장 - 건조,맑음,교차로 - 교차로횡단보도내,승용,남,54세,상해없음,보행자,여,40세,중상
2020060500100113,2020년 6월 5일 08시,금요일,강원도 동해시 쇄운동,중상사고,0,1,0,0,차대사람 - 횡단중,보행자보호의무위반,포장 - 건조,맑음,단일로 - 기타,화물,남,46세,상해없음,보행자,여,73세,중상
2020060500100169,2020년 6월 5일 10시,금요일,강원도 삼척시 원덕읍,중상사고,0,1,0,0,차대사람 - 차도통행중,안전운전불이행,포장 - 기타,맑음,단일로 - 기타,승용,여,66세,상해없음,보행자,여,76세,중상
2020060500100206,2020년 6월 5일 11시,금요일,강원도 영월군 영월읍,중상사고,0,1,0,0,차대사람 - 기타,안전운전불이행,포장 - 건조,맑음,단일로 - 기타,승용,남,73세,상해없음,보행자,남,42세,중상
2020060500100207,2020년 6월 5일 11시,금요일,강원도 철원군 갈말읍,경상사고,0,0,1,0,차대사람 - 기타,안전운전불이행,비포장 - 건조,맑음,단일로 - 기타,승용,남,55세,상해없음,보행자,남,57세,경상
2020060500100564,2020년 6월 5일 19시,금요일,강원도 강릉시 교동,경상사고,0,0,1,0,차대사람 - 기타,보행자보호의무위반,포장 - 건조,맑음,교차로 - 교차로부근,승용,남,31세,상해없음,보행자,여,20세,경상
2020060600100256,2020년 6월 6일 13시,토요일,강원도 강릉시 포남동,경상사고,0,0,1,0,차대사람 - 기타,안전운전불이행,포장 - 건조,맑음,기타 - 기타,화물,남,42세,상해없음,보행자,남,68세,경상
2020060600100257,2020년 6월 6일 13시,토요일,강원도 삼척시 도계읍,중상사고,0,1,0,0,차대사람 - 기타,안전운전불이행,포장 - 건조,맑음,주차장 - 주차장,승용,남,47세,상해없음,보행자,여,61세,중상
2020060600100380,2020년 6월 6일 16시,토요일,강원도 강릉시 입암동,경상사고,0,0,1,0,차대사람 - 횡단중,신호위반,포장 - 건조,맑음,교차로 - 교차로횡단보도내,승용,남,42세,상해없음,보행자,남,56세,경상
2020060700100460,2020년 6월 7일 20시,일요일,강원도 원주시 인동,중상사고,0,1,1,0,차대사람 - 보도통행중,신호위반,포장 - 건조,맑음,교차로 - 교차로횡단보도내,승용,남,80세,상해없음,보행자,여,61세,중상
2020060800100539,2020년 6월 8일 18시,월요일,강원도 원주시 학성동,경상사고,0,0,1,0,차대사람 - 횡단중,보행자보호의무위반,포장 - 건조,맑음,교차로 - 교차로안,승용,남,61세,상해없음,보행자,여,73세,경상
2020060900100026,2020년 6월 9일 03시,화요일,강원도 삼척시 읍상동,경상사고,0,0,1,0,차대사람 - 차도통행중,안전운전불이행,포장 - 건조,맑음,단일로 - 교량,승용,남,36세,상해없음,보행자,남,67세,경상
2020060900100113,2020년 6월 9일 08시,화요일,강원도 원주시 흥업면,중상사고,0,1,0,0,차대사람 - 보도통행중,안전운전불이행,포장 - 건조,맑음,단일로 - 기타,승용,남,29세,상해없음,보행자,여,72세,중상
2020060900100191,2020년 6월 9일 10시,화요일,강원도 원주시 단계동,중상사고,0,1,0,0,차대사람 - 차도통행중,안전운전불이행,포장 - 건조,맑음,교차로 - 교차로안,승용,남,61세,상해없음,보행자,여,63세,중상
2020060900100193,2020년 6월 9일 10시,화요일,강원도 횡성군 횡성읍,경상사고,0,0,1,0,차대사람 - 횡단중,보행자보호의무위반,포장 - 건조,맑음,단일로 - 기타,승용,여,58세,상해없음,보행자,남,8세,경상
2020060900100237,2020년 6월 9일 11시,화요일,강원도 삼척시 남양동,경상사고,0,0,1,0,차대사람 - 차도통행중,안전운전불이행,포장 - 건조,맑음,단일로 - 기타,승용,남,48세,상해없음,보행자,남,65세,경상
2020060900100272,2020년 6월 9일 12시,화요일,강원도 양양군 양양읍,경상사고,0,0,1,0,차대사람 - 횡단중,안전운전불이행,포장 - 건조,맑음,단일로 - 기타,승용,남,64세,상해없음,보행자,여,41세,경상
2020060900100535,2020년 6월 9일 18시,화요일,강원도 춘천시 후평동,경상사고,0,0,1,0,차대사람 - 길가장자리구역통행중,안전운전불이행,포장 - 건조,맑음,단일로 - 기타,승용,여,60세,상해없음,보행자,여,31세,경상
2020061100100121,2020년 6월 11일 08시,목요일,강원도 정선군 임계면,경상사고,0,0,1,0,차대사람 - 횡단중,안전운전불이행,포장 - 건조,맑음,교차로 - 교차로안,승용,여,44세,상해없음,보행자,남,88세,경상
2020061100100185,2020년 6월 11일 10시,목요일,강원도 강릉시 노암동,경상사고,0,0,1,0,차대사람 - 길가장자리구역통행중,안전운전불이행,포장 - 건조,맑음,교차로 - 교차로부근,승용,남,76세,상해없음,보행자,여,57세,경상
2020061100100215,2020년 6월 11일 11시,목요일,강원도 동해시 평릉동,중상사고,0,1,0,0,차대사람 - 횡단중,보행자보호의무위반,포장 - 건조,맑음,교차로 - 교차로안,화물,남,49세,상해없음,보행자,남,47세,중상
2020061200100454,2020년 6월 12일 17시,금요일,강원도 영월군 영월읍,경상사고,0,0,1,0,차대사람 - 횡단중,보행자보호의무위반,포장 - 건조,맑음,교차로 - 교차로부근,승용,남,60세,상해없음,보행자,남,20세,경상
2020061200100729,2020년 6월 12일 23시,금요일,강원도 강릉시 포남동,경상사고,0,0,1,0,차대사람 - 횡단중,안전운전불이행,포장 - 건조,맑음,교차로 - 교차로횡단보도내,승용,남,23세,상해없음,보행자,여,14세,경상
2020061300100155,2020년 6월 13일 09시,토요일,강원도 춘천시 온의동,경상사고,0,0,1,0,차대사람 - 기타,교차로운행방법위반,포장 - 건조,맑음,교차로 - 교차로안,승용,남,66세,상해없음,보행자,여,68세,경상
2020061300100158,2020년 6월 13일 09시,토요일,강원도 홍천군 서면,중상사고,0,1,0,0,차대사람 - 기타,안전운전불이행,포장 - 건조,맑음,단일로 - 기타,승용,남,54세,상해없음,보행자,여,84세,중상
2020061300100186,2020년 6월 13일 10시,토요일,강원도 고성군 거진읍,중상사고,0,1,0,0,차대사람 - 기타,안전운전불이행,포장 - 건조,맑음,교차로 - 교차로부근,승용,여,55세,상해없음,보행자,남,59세,중상
2020061300100412,2020년 6월 13일 16시,토요일,강원도 양양군 강현면,경상사고,0,0,1,0,차대사람 - 차도통행중,안전운전불이행,비포장 - 건조,맑음,기타 - 기타,승용,남,44세,상해없음,보행자,남,8세,경상
2020061400100467,2020년 6월 14일 21시,일요일,강원도 동해시 어달동,중상사고,0,1,0,0,차대사람 - 횡단중,안전운전불이행,포장 - 건조,맑음,교차로 - 교차로부근,승용,남,42세,상해없음,보행자,남,51세,중상
2020061500100261,2020년 6월 15일 12시,월요일,강원도 춘천시 근화동,경상사고,0,0,1,0,차대사람 - 차도통행중,안전운전불이행,포장 - 건조,맑음,교차로 - 교차로안,화물,남,57세,상해없음,보행자,여,62세,경상
2020061500100337,2020년 6월 15일 14시,월요일,강원도 춘천시 동면,중상사고,0,1,0,0,차대사람 - 기타,안전운전불이행,포장 - 건조,맑음,단일로 - 기타,이륜,남,31세,상해없음,보행자,남,13세,중상
2020061600100220,2020년 6월 16일 11시,화요일,강원도 속초시 조양동,중상사고,0,1,0,0,차대사람 - 횡단중,신호위반,포장 - 건조,맑음,교차로 - 교차로안,승용,여,37세,상해없음,보행자,남,59세,중상
2020061600100257,2020년 6월 16일 12시,화요일,강원도 강릉시 사천면,중상사고,0,1,0,0,차대사람 - 기타,안전운전불이행,포장 - 건조,맑음,단일로 - 기타,승용,남,75세,상해없음,보행자,남,56세,중상
2020061600100282,2020년 6월 16일 13시,화요일,강원도 홍천군 화촌면,중상사고,0,1,0,0,차대사람 - 횡단중,안전운전불이행,포장 - 건조,맑음,단일로 - 기타,승용,남,37세,상해없음,보행자,여,51세,중상
2020061600100363,2020년 6월 16일 15시,화요일,강원도 원주시 단계동,중상사고,0,1,0,0,차대사람 - 차도통행중,보행자보호의무위반,포장 - 건조,맑음,교차로 - 교차로부근,승용,남,21세,상해없음,보행자,여,75세,중상
2020061600100364,2020년 6월 16일 15시,화요일,강원도 원주시 단구동,사망사고,1,0,0,0,차대사람 - 횡단중,안전운전불이행,포장 - 건조,맑음,교차로 - 교차로횡단보도내,승합,남,60세,상해없음,보행자,남,64세,사망
2020061600100587,2020년 6월 16일 20시,화요일,강원도 횡성군 둔내면,경상사고,0,0,1,0,차대사람 - 횡단중,안전운전불이행,포장 - 건조,맑음,단일로 - 기타,화물,남,49세,상해없음,보행자,여,41세,경상
2020061600100626,2020년 6월 16일 21시,화요일,강원도 고성군 간성읍,경상사고,0,0,1,0,차대사람 - 길가장자리구역통행중,안전운전불이행,포장 - 건조,맑음,단일로 - 기타,승용,남,65세,상해없음,보행자,남,45세,경상
2020061700100118,2020년 6월 17일 08시,수요일,강원도 춘천시 운교동,경상사고,0,0,1,0,차대사람 - 기타,보행자보호의무위반,포장 - 건조,맑음,교차로 - 교차로횡단보도내,승용,여,46세,상해없음,보행자,남,8세,경상
2020061700100119,2020년 6월 17일 08시,수요일,강원도 원주시 우산동,중상사고,0,1,0,0,차대사람 - 횡단중,보행자보호의무위반,포장 - 건조,흐림,교차로 - 교차로부근,화물,남,51세,기타불명,보행자,여,82세,중상
2020061700100154,2020년 6월 17일 09시,수요일,강원도 춘천시 교동,경상사고,0,0,1,0,차대사람 - 기타,안전운전불이행,포장 - 건조,맑음,단일로 - 기타,승용,여,51세,상해없음,보행자,남,59세,경상
2020061800100313,2020년 6월 18일 13시,목요일,강원도 태백시 장성동,경상사고,0,0,1,0,차대사람 - 기타,안전운전불이행,포장 - 건조,맑음,단일로 - 기타,승합,남,57세,상해없음,보행자,여,72세,경상
2020061800100343,2020년 6월 18일 14시,목요일,강원도 춘천시 석사동,경상사고,0,0,1,0,차대사람 - 기타,안전운전불이행,포장 - 건조,맑음,단일로 - 기타,승용,남,43세,상해없음,보행자,여,27세,경상
2020061800100469,2020년 6월 18일 18시,목요일,강원도 화천군 화천읍,중상사고,0,1,0,0,차대사람 - 기타,안전운전불이행,포장 - 건조,맑음,단일로 - 기타,승용,남,20세,상해없음,보행자,남,13세,중상
2020061900100080,2020년 6월 19일 07시,금요일,강원도 강릉시 교동,중상사고,0,1,0,0,차대사람 - 보도통행중,기타,포장 - 젖음/습기,비,단일로 - 기타,화물,남,38세,상해없음,보행자,여,25세,중상
2020061900100187,2020년 6월 19일 10시,금요일,강원도 홍천군 홍천읍,경상사고,0,0,1,0,차대사람 - 보도통행중,기타,포장 - 건조,맑음,기타 - 기타,승용,여,47세,상해없음,보행자,남,30세,경상
2020061900100221,2020년 6월 19일 11시,금요일,강원도 양양군 양양읍,경상사고,0,0,1,0,차대사람 - 기타,안전운전불이행,비포장 - 건조,맑음,단일로 - 기타,화물,남,64세,상해없음,보행자,남,34세,경상
2020061900100312,2020년 6월 19일 13시,금요일,강원도 홍천군 남면,경상사고,0,0,1,0,차대사람 - 길가장자리구역통행중,안전운전불이행,포장 - 건조,맑음,단일로 - 지하차도(도로)내,승용,남,76세,상해없음,보행자,남,49세,경상
2020061900100385,2020년 6월 19일 15시,금요일,강원도 인제군 인제읍,중상사고,0,1,0,0,차대사람 - 차도통행중,안전운전불이행,포장 - 건조,맑음,단일로 - 기타,승용,여,36세,상해없음,보행자,남,36세,중상
2020061900100386,2020년 6월 19일 15시,금요일,강원도 동해시 천곡동,중상사고,0,1,0,0,차대사람 - 횡단중,보행자보호의무위반,포장 - 젖음/습기,비,교차로 - 교차로횡단보도내,승합,여,44세,상해없음,보행자,남,9세,중상
2020061900100644,2020년 6월 19일 20시,금요일,강원도 철원군 동송읍,경상사고,0,0,1,0,차대사람 - 횡단중,안전운전불이행,포장 - 건조,맑음,기타 - 기타,이륜,남,54세,상해없음,보행자,남,22세,경상
2020061900100742,2020년 6월 19일 23시,금요일,강원도 원주시 문막읍,사망사고,1,0,0,0,차대사람 - 기타,안전운전불이행,포장 - 건조,맑음,교차로 - 교차로부근,승용,남,52세,상해없음,보행자,기타불명,미분류,사망
2020062000100030,2020년 6월 20일 01시,토요일,강원도 원주시 단계동,경상사고,0,0,3,0,차대사람 - 기타,안전운전불이행,포장 - 건조,맑음,기타 - 기타,승용,여,23세,상해없음,보행자,남,23세,경상
2020062000100087,2020년 6월 20일 07시,토요일,강원도 강릉시 교동,중상사고,0,1,0,0,차대사람 - 기타,안전운전불이행,포장 - 건조,맑음,단일로 - 기타,자전거,남,47세,상해없음,보행자,여,53세,중상
2020062000100171,2020년 6월 20일 10시,토요일,강원도 원주시 일산동,경상사고,0,0,1,0,차대사람 - 횡단중,안전운전불이행,포장 - 건조,맑음,교차로 - 교차로부근,승용,남,45세,상해없음,보행자,여,16세,경상
2020062000100261,2020년 6월 20일 12시,토요일,강원도 춘천시 석사동,경상사고,0,0,1,0,차대사람 - 기타,안전운전불이행,포장 - 건조,맑음,단일로 - 기타,승용,여,36세,상해없음,보행자,여,17세,경상
2020062000100306,2020년 6월 20일 13시,토요일,강원도 원주시 지정면,경상사고,0,0,1,0,차대사람 - 횡단중,보행자보호의무위반,포장 - 건조,맑음,교차로 - 교차로횡단보도내,화물,남,34세,상해없음,보행자,여,27세,경상
2020062000100387,2020년 6월 20일 15시,토요일,강원도 춘천시 퇴계동,중상사고,0,1,0,0,차대사람 - 기타,안전운전불이행,포장 - 건조,맑음,단일로 - 기타,자전거,남,14세,상해없음,보행자,여,72세,중상
2020062000100581,2020년 6월 20일 20시,토요일,강원도 춘천시 사농동,경상사고,0,0,1,0,차대사람 - 횡단중,보행자보호의무위반,포장 - 건조,맑음,단일로 - 기타,이륜,남,71세,상해없음,보행자,여,64세,경상
2020062100100009,2020년 6월 21일 00시,일요일,강원도 강릉시 임당동,중상사고,0,1,0,0,차대사람 - 기타,기타,포장 - 건조,맑음,단일로 - 기타,승용,남,60세,상해없음,보행자,남,53세,중상
2020062100100142,2020년 6월 21일 10시,일요일,강원도 속초시 금호동,경상사고,0,0,1,0,차대사람 - 횡단중,안전운전불이행,포장 - 건조,맑음,교차로 - 교차로부근,승용,여,46세,상해없음,보행자,여,76세,경상
2020062200100059,2020년 6월 22일 06시,월요일,강원도 강릉시 주문진읍,중상사고,0,1,0,0,차대사람 - 보도통행중,안전운전불이행,포장 - 건조,맑음,단일로 - 기타,원동기,남,64세,상해없음,보행자,여,92세,중상
2020062200100258,2020년 6월 22일 11시,월요일,강원도 속초시 조양동,중상사고,0,1,0,0,차대사람 - 길가장자리구역통행중,안전운전불이행,포장 - 건조,맑음,단일로 - 지하차도(도로)내,화물,남,77세,상해없음,보행자,남,65세,중상
2020062200100582,2020년 6월 22일 18시,월요일,강원도 양구군 양구읍,사망사고,1,0,0,0,차대사람 - 횡단중,안전운전불이행,포장 - 건조,맑음,단일로 - 기타,이륜,여,35세,상해없음,보행자,여,76세,사망
2020062300100320,2020년 6월 23일 13시,화요일,강원도 화천군 화천읍,중상사고,0,1,0,0,차대사람 - 보도통행중,보행자보호의무위반,포장 - 건조,맑음,단일로 - 기타,승용,여,62세,기타불명,보행자,여,8세,중상
2020062300100599,2020년 6월 23일 20시,화요일,강원도 삼척시 도계읍,중상사고,0,1,0,0,차대사람 - 차도통행중,안전운전불이행,포장 - 건조,맑음,단일로 - 기타,승용,여,52세,상해없음,보행자,여,61세,중상
2020062300100640,2020년 6월 23일 21시,화요일,강원도 평창군 방림면,중상사고,0,2,0,0,차대사람 - 횡단중,보행자보호의무위반,포장 - 건조,맑음,단일로 - 기타,화물,남,73세,상해없음,보행자,남,56세,중상
2020062400100197,2020년 6월 24일 11시,수요일,강원도 춘천시 후평동,경상사고,0,0,1,0,차대사람 - 차도통행중,안전운전불이행,포장 - 젖음/습기,맑음,단일로 - 기타,승용,남,59세,상해없음,보행자,여,56세,경상
2020062400100228,2020년 6월 24일 12시,수요일,강원도 영월군 한반도면,부상신고사고,0,0,0,1,차대사람 - 기타,안전운전불이행,포장 - 건조,맑음,주차장 - 주차장,화물,남,72세,상해없음,보행자,여,67세,부상신고
2020062500100134,2020년 6월 25일 08시,목요일,강원도 춘천시 효자동,경상사고,0,0,1,0,차대사람 - 횡단중,안전운전불이행,포장 - 건조,맑음,단일로 - 기타,화물,남,57세,상해없음,보행자,여,65세,경상
2020062500100341,2020년 6월 25일 15시,목요일,강원도 원주시 단구동,경상사고,0,0,1,0,차대사람 - 길가장자리구역통행중,안전운전불이행,포장 - 젖음/습기,비,기타 - 기타,승용,여,52세,기타불명,보행자,남,44세,경상
2020062500100342,2020년 6월 25일 15시,목요일,강원도 삼척시 남양동,경상사고,0,0,1,0,차대사람 - 횡단중,보행자보호의무위반,포장 - 건조,맑음,단일로 - 기타,승용,남,65세,상해없음,보행자,여,62세,경상
2020062600100101,2020년 6월 26일 07시,금요일,강원도 원주시 무실동,경상사고,0,0,1,0,차대사람 - 횡단중,안전운전불이행,포장 - 건조,맑음,단일로 - 기타,승용,남,56세,상해없음,보행자,남,69세,경상
2020062600100220,2020년 6월 26일 11시,금요일,강원도 춘천시 효자동,중상사고,0,1,1,0,차대사람 - 기타,안전운전불이행,포장 - 건조,맑음,단일로 - 기타,자전거,여,72세,중상,보행자,남,38세,경상
2020062600100326,2020년 6월 26일 14시,금요일,강원도 춘천시 우두동,경상사고,0,0,1,0,차대사람 - 길가장자리구역통행중,안전운전불이행,포장 - 건조,맑음,단일로 - 기타,승용,여,65세,상해없음,보행자,여,29세,경상
2020062600100417,2020년 6월 26일 16시,금요일,강원도 춘천시 효자동,경상사고,0,0,1,0,차대사람 - 기타,안전운전불이행,포장 - 건조,맑음,교차로 - 교차로부근,화물,남,63세,상해없음,보행자,남,49세,경상
2020062600100468,2020년 6월 26일 17시,금요일,강원도 강릉시 교동,중상사고,0,1,0,0,차대사람 - 기타,안전운전불이행,포장 - 건조,맑음,단일로 - 기타,승용,남,49세,상해없음,보행자,남,52세,중상
2020062600100469,2020년 6월 26일 17시,금요일,강원도 평창군 진부면,경상사고,0,0,1,0,차대사람 - 횡단중,안전운전불이행,포장 - 건조,맑음,기타 - 기타,특수,남,55세,상해없음,보행자,여,7세,경상
2020062600100609,2020년 6월 26일 20시,금요일,강원도 원주시 흥업면,경상사고,0,0,1,0,차대사람 - 기타,안전운전불이행,포장 - 건조,맑음,단일로 - 기타,승용,남,43세,상해없음,보행자,남,49세,경상
2020062600100645,2020년 6월 26일 21시,금요일,강원도 횡성군 둔내면,중상사고,0,1,0,0,차대사람 - 길가장자리구역통행중,안전운전불이행,포장 - 건조,맑음,단일로 - 기타,승용,남,59세,상해없음,보행자,남,35세,중상
2020062700100117,2020년 6월 27일 08시,토요일,강원도 삼척시 근덕면,중상사고,0,1,0,0,차대사람 - 횡단중,안전운전불이행,포장 - 건조,맑음,단일로 - 기타,승용,남,61세,상해없음,보행자,여,77세,중상
2020062700100200,2020년 6월 27일 11시,토요일,강원도 철원군 갈말읍,중상사고,0,1,0,0,차대사람 - 기타,안전운전불이행,포장 - 건조,맑음,기타 - 기타,승용,남,83세,상해없음,보행자,여,51세,중상
2020062800100134,2020년 6월 28일 10시,일요일,강원도 원주시 문막읍,중상사고,0,1,0,0,차대사람 - 기타,안전운전불이행,포장 - 건조,맑음,기타 - 기타,승용,남,55세,상해없음,보행자,남,38세,중상
2020062800100154,2020년 6월 28일 11시,일요일,강원도 춘천시 남산면,경상사고,0,0,1,0,차대사람 - 기타,안전운전불이행,포장 - 건조,맑음,기타 - 기타,자전거,남,63세,상해없음,보행자,여,42세,경상
2020062900100313,2020년 6월 29일 15시,월요일,강원도 원주시 중앙동,중상사고,0,1,0,0,차대사람 - 횡단중,신호위반,포장 - 건조,맑음,교차로 - 교차로횡단보도내,승용,여,51세,상해없음,보행자,여,76세,중상
2020062900100529,2020년 6월 29일 20시,월요일,강원도 원주시 관설동,경상사고,0,0,1,0,차대사람 - 횡단중,보행자보호의무위반,포장 - 건조,맑음,단일로 - 기타,이륜,남,21세,상해없음,보행자,여,50세,경상