사고번호,사고일시,요일,시군구,사고내용,사망자수,중상자수,경상자수,부상신고자수,사고유형,법규위반,노면상태,기상상태,도로형태,가해운전자 차종,가해운전자 성별,가해운전자 연령,가해운전자 상해정도,피해운전자 차종,피해운전자 성별,피해운전자 연령,피해운전자 상해정도
2020062900100631,2020년 6월 29일 22시,월요일,강원도 원주시 단계동,경상사고,0,0,1,0,차대사람 - 보도통행중,보행자보호의무위반,포장 - 젖음/습기,비,교차로 - 교차로횡단보도내,승용,여,49세,상해없음,보행자,남,47세,경상
2020063000100251,2020년 6월 30일 13시,화요일,강원도 태백시 장성동,중상사고,0,1,0,0,차대사람 - 기타,안전운전불이행,포장 - 젖음/습기,흐림,교차로 - 교차로안,승용,남,58세,상해없음,보행자,남,67세,중상
2020063000100425,2020년 6월 30일 18시,화요일,강원도 춘천시 소양로1가,경상사고,0,0,1,0,차대사람 - 횡단중,보행자보호의무위반,포장 - 건조,맑음,교차로 - 교차로횡단보도내,승용,여,56세,상해없음,보행자,여,76세,경상
2020063000100575,2020년 6월 30일 22시,화요일,강원도 춘천시 효자동,경상사고,0,0,1,0,차대사람 - 기타,안전운전불이행,포장 - 젖음/습기,비,교차로 - 교차로부근,승용,남,48세,상해없음,보행자,여,50세,경상
2020070100100022,2020년 7월 1일 01시,수요일,강원도 원주시 호저면,사망사고,1,0,0,0,차대사람 - 차도통행중,과속,포장 - 젖음/습기,비,단일로 - 기타,승용,남,57세,상해없음,보행자,남,27세,사망
2020070100100537,2020년 7월 1일 21시,수요일,강원도 고성군 거진읍,부상신고사고,0,0,0,1,차대사람 - 횡단중,안전운전불이행,포장 - 건조,기타,교차로 - 교차로안,승용,남,56세,상해없음,보행자,여,49세,부상신고
2020070200100141,2020년 7월 2일 09시,목요일,강원도 춘천시 신동면,중상사고,0,2,0,0,차대사람 - 기타,안전운전불이행,포장 - 건조,맑음,교차로 - 교차로부근,승용,여,61세,상해없음,보행자,여,73세,중상
2020070200100237,2020년 7월 2일 12시,목요일,강원도 동해시 천곡동,경상사고,0,0,1,0,차대사람 - 길가장자리구역통행중,보행자보호의무위반,포장 - 건조,맑음,단일로 - 기타,승용,여,51세,상해없음,보행자,여,28세,경상
2020070200100428,2020년 7월 2일 17시,목요일,강원도 동해시 동회동,경상사고,0,0,1,0,차대사람 - 보도통행중,보행자보호의무위반,포장 - 건조,맑음,교차로 - 교차로횡단보도내,승용,여,84세,상해없음,보행자,남,9세,경상
2020070300100487,2020년 7월 3일 18시,금요일,강원도 원주시 판부면,중상사고,0,1,0,0,차대사람 - 차도통행중,안전운전불이행,포장 - 건조,흐림,단일로 - 기타,승용,남,63세,상해없음,보행자,여,62세,중상
2020070300100555,2020년 7월 3일 20시,금요일,강원도 춘천시 효자동,경상사고,0,0,1,0,차대사람 - 기타,안전운전불이행,포장 - 건조,맑음,기타 - 기타,자전거,남,24세,상해없음,보행자,남,21세,경상
2020070400100457,2020년 7월 4일 17시,토요일,강원도 원주시 단계동,경상사고,0,0,1,0,차대사람 - 기타,안전운전불이행,포장 - 건조,맑음,교차로 - 교차로안,화물,남,58세,상해없음,보행자,여,53세,경상
2020070400100616,2020년 7월 4일 22시,토요일,강원도 강릉시 안현동,중상사고,0,1,0,0,차대사람 - 기타,안전운전불이행,포장 - 건조,맑음,단일로 - 기타,승용,남,46세,상해없음,보행자,남,25세,중상
2020070400100642,2020년 7월 4일 23시,토요일,강원도 강릉시 주문진읍,중상사고,0,1,0,0,차대사람 - 횡단중,안전운전불이행,포장 - 건조,맑음,단일로 - 기타,승용,여,47세,상해없음,보행자,남,53세,중상
2020070500100110,2020년 7월 5일 09시,일요일,강원도 원주시 호저면,경상사고,0,0,1,0,차대사람 - 기타,안전운전불이행,포장 - 건조,맑음,단일로 - 기타,승용,남,68세,상해없음,보행자,여,87세,경상
2020070500100143,2020년 7월 5일 11시,일요일,강원도 평창군 대관령면,경상사고,0,0,1,0,차대사람 - 기타,안전운전불이행,포장 - 건조,맑음,기타 - 기타,승용,남,58세,상해없음,보행자,남,73세,경상
2020070500100195,2020년 7월 5일 13시,일요일,강원도 철원군 동송읍,경상사고,0,0,1,0,차대사람 - 길가장자리구역통행중,안전운전불이행,포장 - 건조,맑음,단일로 - 기타,화물,남,72세,상해없음,보행자,여,61세,경상
2020070500100221,2020년 7월 5일 14시,일요일,강원도 원주시 반곡동,경상사고,0,0,5,0,차대사람 - 기타,안전운전불이행,포장 - 건조,맑음,교차로 - 교차로부근,승용,남,37세,상해없음,보행자,남,47세,경상
2020070600100095,2020년 7월 6일 08시,월요일,강원도 원주시 우산동,중상사고,0,1,0,0,차대사람 - 횡단중,안전운전불이행,포장 - 건조,맑음,단일로 - 기타,승용,남,28세,상해없음,보행자,여,28세,중상
2020070600100133,2020년 7월 6일 09시,월요일,강원도 춘천시 옥천동,중상사고,0,1,0,0,차대사람 - 횡단중,보행자보호의무위반,포장 - 건조,맑음,교차로 - 교차로횡단보도내,승용,여,36세,상해없음,보행자,여,64세,중상
2020070600100271,2020년 7월 6일 13시,월요일,강원도 강릉시 주문진읍,중상사고,0,1,0,0,차대사람 - 기타,안전운전불이행,포장 - 건조,맑음,주차장 - 주차장,승용,여,53세,상해없음,보행자,여,76세,중상
2020070600100561,2020년 7월 6일 22시,월요일,강원도 태백시 황지동,경상사고,0,0,1,0,차대사람 - 차도통행중,안전운전불이행,포장 - 젖음/습기,비,단일로 - 기타,승용,남,73세,상해없음,보행자,남,57세,경상
2020070700100223,2020년 7월 7일 12시,화요일,강원도 철원군 서면,중상사고,0,1,0,0,차대사람 - 기타,안전운전불이행,포장 - 건조,맑음,단일로 - 기타,화물,남,59세,상해없음,보행자,여,80세,중상
2020070800100100,2020년 7월 8일 08시,수요일,강원도 춘천시 교동,중상사고,0,1,0,0,차대사람 - 횡단중,보행자보호의무위반,포장 - 건조,맑음,교차로 - 교차로횡단보도내,승용,남,72세,상해없음,보행자,남,26세,중상
2020070800100137,2020년 7월 8일 09시,수요일,강원도 양양군 양양읍,중상사고,0,1,0,0,차대사람 - 횡단중,안전운전불이행,포장 - 건조,맑음,교차로 - 교차로부근,승용,남,72세,상해없음,보행자,여,81세,중상
2020070800100427,2020년 7월 8일 17시,수요일,강원도 원주시 일산동,경상사고,0,0,1,0,차대사람 - 차도통행중,안전운전불이행,포장 - 건조,맑음,단일로 - 기타,승용,남,60세,상해없음,보행자,여,42세,경상
2020070900100057,2020년 7월 9일 05시,목요일,강원도 강릉시 교동,경상사고,0,0,1,0,차대사람 - 횡단중,안전운전불이행,포장 - 건조,맑음,기타 - 기타,승용,남,51세,상해없음,보행자,남,63세,경상
2020070900100674,2020년 7월 9일 23시,목요일,강원도 원주시 단구동,경상사고,0,0,1,0,차대사람 - 기타,기타,포장 - 건조,맑음,교차로 - 교차로부근,승용,남,40세,상해없음,보행자,남,40세,경상
2020071000100100,2020년 7월 10일 08시,금요일,강원도 횡성군 둔내면,중상사고,0,1,0,0,차대사람 - 기타,안전운전불이행,포장 - 건조,맑음,단일로 - 기타,승용,남,63세,상해없음,보행자,여,80세,중상
2020071000100565,2020년 7월 10일 20시,금요일,강원도 춘천시 신북읍,중상사고,0,1,0,0,차대사람 - 기타,안전운전불이행,포장 - 건조,맑음,단일로 - 기타,기타불명,기타불명,미분류,기타불명,보행자,남,57세,중상
2020071100100259,2020년 7월 11일 12시,토요일,강원도 삼척시 근덕면,경상사고,0,0,1,0,차대사람 - 차도통행중,안전운전불이행,포장 - 건조,맑음,단일로 - 기타,승용,남,26세,상해없음,보행자,여,64세,경상
2020071100100488,2020년 7월 11일 18시,토요일,강원도 원주시 행구동,중상사고,0,1,0,0,차대사람 - 횡단중,보행자보호의무위반,포장 - 건조,맑음,단일로 - 기타,승용,남,54세,상해없음,보행자,남,68세,중상
2020071100100632,2020년 7월 11일 23시,토요일,강원도 홍천군 서면,경상사고,0,0,1,0,차대사람 - 길가장자리구역통행중,안전운전불이행,포장 - 건조,맑음,단일로 - 지하차도(도로)내,승용,남,33세,상해없음,보행자,남,37세,경상
2020071200100207,2020년 7월 12일 13시,일요일,강원도 춘천시 사북면,중상사고,0,1,0,0,차대사람 - 횡단중,안전운전불이행,포장 - 건조,맑음,단일로 - 기타,승용,남,34세,상해없음,보행자,남,5세,중상
2020071300100472,2020년 7월 13일 19시,월요일,강원도 강릉시 임당동,중상사고,0,1,0,0,차대사람 - 횡단중,안전운전불이행,포장 - 젖음/습기,비,단일로 - 기타,이륜,남,20세,상해없음,보행자,여,80세,중상
2020071300100541,2020년 7월 13일 21시,월요일,강원도 원주시 단구동,경상사고,0,0,1,0,차대사람 - 횡단중,보행자보호의무위반,포장 - 젖음/습기,비,교차로 - 교차로부근,승용,여,58세,상해없음,보행자,여,18세,경상
2020071400100019,2020년 7월 14일 00시,화요일,강원도 춘천시 동내면,부상신고사고,0,0,0,1,차대사람 - 기타,기타,포장 - 건조,맑음,단일로 - 기타,기타불명,기타불명,미분류,기타불명,보행자,남,58세,부상신고
2020071400100320,2020년 7월 14일 14시,화요일,강원도 원주시 개운동,중상사고,0,1,0,0,차대사람 - 횡단중,안전운전불이행,포장 - 건조,맑음,단일로 - 기타,화물,남,63세,상해없음,보행자,여,65세,중상
2020071400100476,2020년 7월 14일 18시,화요일,강원도 정선군 정선읍,경상사고,0,0,1,0,차대사람 - 횡단중,보행자보호의무위반,포장 - 건조,맑음,기타 - 기타,화물,남,53세,상해없음,보행자,남,12세,경상
2020071400100575,2020년 7월 14일 21시,화요일,강원도 강릉시 포남동,중상사고,0,1,0,0,차대사람 - 기타,안전운전불이행,포장 - 건조,맑음,주차장 - 주차장,승합,남,61세,상해없음,보행자,남,50세,중상
2020071500100133,2020년 7월 15일 09시,수요일,강원도 동해시 부곡동,중상사고,0,1,0,0,차대사람 - 길가장자리구역통행중,안전운전불이행,포장 - 건조,맑음,단일로 - 기타,승용,남,21세,상해없음,보행자,남,48세,중상
2020071500100410,2020년 7월 15일 17시,수요일,강원도 원주시 단계동,경상사고,0,0,1,0,차대사람 - 기타,안전운전불이행,포장 - 건조,맑음,교차로 - 교차로안,화물,남,23세,상해없음,보행자,남,53세,경상
2020071600100177,2020년 7월 16일 10시,목요일,강원도 삼척시 남양동,사망사고,1,0,0,0,차대사람 - 횡단중,안전운전불이행,포장 - 건조,맑음,단일로 - 지하차도(도로)내,건설기계,남,48세,상해없음,보행자,여,68세,사망
2020071600100220,2020년 7월 16일 11시,목요일,강원도 원주시 단계동,중상사고,0,1,0,0,차대사람 - 횡단중,보행자보호의무위반,포장 - 건조,맑음,교차로 - 교차로횡단보도내,승용,여,25세,상해없음,보행자,남,72세,중상
2020071700100450,2020년 7월 17일 17시,금요일,강원도 영월군 북면,경상사고,0,0,2,0,차대사람 - 횡단중,안전운전불이행,포장 - 건조,맑음,단일로 - 지하차도(도로)내,승용,남,61세,상해없음,보행자,남,5세,경상
2020071800100059,2020년 7월 18일 04시,토요일,강원도 동해시 발한동,사망사고,1,0,0,0,차대사람 - 차도통행중,안전운전불이행,포장 - 건조,맑음,교차로 - 교차로안,화물,남,78세,상해없음,보행자,여,83세,사망
2020071800100152,2020년 7월 18일 10시,토요일,강원도 고성군 죽왕면,중상사고,0,1,0,0,차대사람 - 기타,안전운전불이행,포장 - 건조,맑음,주차장 - 주차장,승용,남,54세,상해없음,보행자,남,2세,중상
2020071800100186,2020년 7월 18일 11시,토요일,강원도 태백시 황지동,중상사고,0,1,0,0,차대사람 - 횡단중,보행자보호의무위반,포장 - 건조,맑음,교차로 - 교차로부근,승용,남,71세,상해없음,보행자,남,6세,중상
2020071800100264,2020년 7월 18일 13시,토요일,강원도 원주시 무실동,경상사고,0,0,1,0,차대사람 - 기타,안전운전불이행,포장 - 건조,맑음,단일로 - 기타,승용,남,65세,상해없음,보행자,남,46세,경상
2020071900100007,2020년 7월 19일 00시,일요일,강원도 영월군 영월읍,중상사고,0,1,0,0,차대사람 - 횡단중,보행자보호의무위반,포장 - 건조,맑음,단일로 - 지하차도(도로)내,승용,남,34세,상해없음,보행자,여,34세,중상
2020071900100371,2020년 7월 19일 20시,일요일,강원도 원주시 단구동,중상사고,0,1,0,0,차대사람 - 횡단중,보행자보호의무위반,포장 - 건조,맑음,단일로 - 기타,승용,여,58세,상해없음,보행자,여,50세,중상
2020072000100165,2020년 7월 20일 10시,월요일,강원도 원주시 단계동,중상사고,0,1,0,0,차대사람 - 기타,기타,포장 - 건조,맑음,단일로 - 기타,승용,여,55세,상해없음,보행자,여,36세,중상
2020072000100453,2020년 7월 20일 19시,월요일,강원도 원주시 일산동,부상신고사고,0,0,0,1,차대사람 - 기타,안전운전불이행,포장 - 건조,맑음,단일로 - 기타,이륜,남,21세,부상신고,보행자,남,68세,상해없음
2020072000100503,2020년 7월 20일 21시,월요일,강원도 인제군 북면,중상사고,0,1,0,0,차대사람 - 보도통행중,보행자보호의무위반,포장 - 건조,맑음,교차로 - 교차로안,승용,여,25세,상해없음,보행자,여,54세,중상
2020072100100109,2020년 7월 21일 08시,화요일,강원도 횡성군 횡성읍,경상사고,0,0,1,0,차대사람 - 보도통행중,안전운전불이행,포장 - 건조,맑음,단일로 - 기타,승용,여,46세,상해없음,보행자,남,79세,경상
2020072100100389,2020년 7월 21일 16시,화요일,강원도 춘천시 운교동,중상사고,0,1,0,0,차대사람 - 기타,안전운전불이행,포장 - 건조,맑음,교차로 - 교차로안,승용,남,18세,상해없음,보행자,여,72세,중상
2020072100100474,2020년 7월 21일 18시,화요일,강원도 양양군 양양읍,중상사고,0,2,0,0,차대사람 - 횡단중,보행자보호의무위반,포장 - 건조,흐림,기타 - 기타,화물,남,65세,상해없음,보행자,남,14세,중상
2020072200100326,2020년 7월 22일 14시,수요일,강원도 원주시 무실동,경상사고,0,0,1,0,차대사람 - 보도통행중,보행자보호의무위반,포장 - 젖음/습기,비,교차로 - 교차로횡단보도내,승용,여,47세,상해없음,보행자,남,28세,경상
2020072300100139,2020년 7월 23일 09시,목요일,강원도 원주시 우산동,중상사고,0,1,0,0,차대사람 - 기타,안전운전불이행,포장 - 건조,맑음,주차장 - 주차장,승용,남,29세,상해없음,보행자,남,85세,중상
2020072300100249,2020년 7월 23일 13시,목요일,강원도 강릉시 명주동,경상사고,0,0,1,0,차대사람 - 기타,안전운전불이행,포장 - 젖음/습기,비,단일로 - 기타,승합,남,21세,상해없음,보행자,남,81세,경상
2020072300100311,2020년 7월 23일 15시,목요일,강원도 원주시 평원동,중상사고,0,1,0,0,차대사람 - 횡단중,안전운전불이행,포장 - 젖음/습기,비,단일로 - 기타,승용,여,64세,상해없음,보행자,남,52세,중상
2020072300100392,2020년 7월 23일 17시,목요일,강원도 삼척시 사직동,중상사고,0,1,0,0,차대사람 - 횡단중,안전운전불이행,포장 - 젖음/습기,비,교차로 - 교차로안,승용,여,51세,상해없음,보행자,남,50세,중상
2020072300100491,2020년 7월 23일 19시,목요일,강원도 춘천시 우두동,중상사고,0,1,0,0,차대사람 - 횡단중,보행자보호의무위반,포장 - 젖음/습기,비,교차로 - 교차로횡단보도내,승합,남,52세,상해없음,보행자,여,60세,중상
2020072400100296,2020년 7월 24일 15시,금요일,강원도 춘천시 후평동,부상신고사고,0,0,0,1,차대사람 - 기타,안전운전불이행,포장 - 젖음/습기,비,단일로 - 기타,기타불명,기타불명,미분류,기타불명,보행자,남,10세,부상신고
2020072500100501,2020년 7월 25일 19시,토요일,강원도 강릉시 연곡면,중상사고,0,1,0,0,차대사람 - 횡단중,보행자보호의무위반,포장 - 젖음/습기,비,단일로 - 기타,이륜,남,51세,상해없음,보행자,여,72세,중상
2020072500100537,2020년 7월 25일 20시,토요일,강원도 원주시 명륜동,중상사고,0,1,0,0,차대사람 - 횡단중,보행자보호의무위반,포장 - 건조,맑음,교차로 - 교차로횡단보도내,승용,남,29세,상해없음,보행자,남,60세,중상
2020072600100090,2020년 7월 26일 08시,일요일,강원도 속초시 교동,경상사고,0,0,1,0,차대사람 - 횡단중,신호위반,포장 - 건조,맑음,교차로 - 교차로안,승용,남,71세,상해없음,보행자,여,65세,경상
2020072600100121,2020년 7월 26일 10시,일요일,강원도 원주시 단계동,경상사고,0,0,1,0,차대사람 - 기타,안전운전불이행,포장 - 건조,맑음,기타 - 기타,승용,남,47세,상해없음,보행자,남,32세,경상
2020072600100224,2020년 7월 26일 14시,일요일,강원도 춘천시 우두동,중상사고,0,1,0,0,차대사람 - 기타,안전운전불이행,포장 - 건조,맑음,단일로 - 기타,자전거,남,19세,상해없음,보행자,여,62세,중상
2020072600100294,2020년 7월 26일 16시,일요일,강원도 춘천시 효자동,중상사고,0,1,0,0,차대사람 - 횡단중,보행자보호의무위반,포장 - 건조,맑음,교차로 - 교차로횡단보도내,승용,여,33세,상해없음,보행자,여,21세,중상
2020072700100005,2020년 7월 27일 00시,월요일,강원도 화천군 간동면,중상사고,0,1,0,0,차대사람 - 기타,안전운전불이행,포장 - 젖음/습기,흐림,단일로 - 기타,화물,남,71세,상해없음,보행자,남,49세,중상
2020072700100358,2020년 7월 27일 15시,월요일,강원도 평창군 평창읍,중상사고,0,1,0,0,차대사람 - 기타,기타,포장 - 건조,맑음,기타 - 기타,건설기계,남,30세,상해없음,보행자,여,66세,중상
2020072700100397,2020년 7월 27일 16시,월요일,강원도 강릉시 주문진읍,중상사고,0,1,0,0,차대사람 - 횡단중,보행자보호의무위반,포장 - 건조,맑음,교차로 - 교차로안,화물,남,56세,상해없음,보행자,여,67세,중상
2020072700100472,2020년 7월 27일 18시,월요일,강원도 동해시 동회동,중상사고,0,1,0,0,차대사람 - 기타,보행자보호의무위반,포장 - 젖음/습기,비,단일로 - 기타,승용,여,42세,상해없음,보행자,여,2세,중상
2020072800100006,2020년 7월 28일 00시,화요일,강원도 원주시 문막읍,중상사고,0,1,0,0,차대사람 - 차도통행중,안전운전불이행,포장 - 젖음/습기,비,기타 - 기타,승용,남,49세,상해없음,보행자,여,41세,중상
2020072800100249,2020년 7월 28일 14시,화요일,강원도 횡성군 둔내면,중상사고,0,1,0,0,차대사람 - 길가장자리구역통행중,안전운전불이행,포장 - 건조,맑음,단일로 - 기타,기타불명,남,24세,상해없음,보행자,남,60세,중상
2020072800100250,2020년 7월 28일 14시,화요일,강원도 철원군 갈말읍,경상사고,0,0,1,0,차대사람 - 횡단중,보행자보호의무위반,포장 - 건조,맑음,교차로 - 교차로횡단보도내,승용,여,58세,상해없음,보행자,여,51세,경상
2020072800100349,2020년 7월 28일 17시,화요일,강원도 춘천시 퇴계동,경상사고,0,0,1,0,차대사람 - 보도통행중,안전운전불이행,포장 - 젖음/습기,비,기타 - 기타,자전거,남,22세,상해없음,보행자,여,55세,경상
2020072800100352,2020년 7월 28일 17시,화요일,강원도 속초시 조양동,중상사고,0,1,0,0,차대사람 - 횡단중,신호위반,포장 - 건조,맑음,교차로 - 교차로횡단보도내,승용,여,55세,상해없음,보행자,여,13세,중상
2020072900100065,2020년 7월 29일 05시,수요일,강원도 강릉시 홍제동,사망사고,1,0,0,0,차대사람 - 횡단중,안전운전불이행,포장 - 젖음/습기,비,단일로 - 기타,화물,남,51세,상해없음,보행자,남,56세,사망
2020072900100233,2020년 7월 29일 12시,수요일,강원도 강릉시 주문진읍,경상사고,0,0,1,0,차대사람 - 횡단중,안전운전불이행,포장 - 건조,흐림,교차로 - 교차로안,승합,남,74세,상해없음,보행자,남,12세,경상
2020072900100536,2020년 7월 29일 21시,수요일,강원도 원주시 우산동,중상사고,0,1,0,0,차대사람 - 횡단중,안전운전불이행,포장 - 건조,흐림,단일로 - 기타,승용,남,74세,상해없음,보행자,여,25세,중상
2020072900100562,2020년 7월 29일 22시,수요일,강원도 강릉시 입암동,경상사고,0,0,1,0,차대사람 - 기타,안전운전불이행,포장 - 건조,맑음,단일로 - 교량,기타불명,기타불명,미분류,기타불명,보행자,여,52세,경상
2020073000100011,2020년 7월 30일 00시,목요일,강원도 춘천시 효자동,경상사고,0,0,1,0,차대사람 - 횡단중,안전운전불이행,포장 - 건조,맑음,교차로 - 교차로안,승용,남,45세,상해없음,보행자,남,47세,경상
2020073000100042,2020년 7월 30일 02시,목요일,강원도 철원군 갈말읍,사망사고,1,0,0,0,차대사람 - 기타,안전운전불이행,포장 - 젖음/습기,흐림,단일로 - 기타,화물,남,44세,상해없음,보행자,남,55세,사망
2020073000100053,2020년 7월 30일 04시,목요일,강원도 원주시 중앙동,중상사고,0,1,0,0,차대사람 - 횡단중,보행자보호의무위반,포장 - 젖음/습기,비,교차로 - 교차로횡단보도내,승용,여,52세,상해없음,보행자,남,55세,중상
2020073000100177,2020년 7월 30일 11시,목요일,강원도 춘천시 퇴계동,경상사고,0,0,1,0,차대사람 - 횡단중,안전운전불이행,포장 - 건조,맑음,주차장 - 주차장,화물,남,31세,상해없음,보행자,남,79세,경상
2020073100100204,2020년 7월 31일 12시,금요일,강원도 속초시 설악동,중상사고,0,1,0,0,차대사람 - 횡단중,안전운전불이행,포장 - 건조,맑음,교차로 - 교차로부근,승용,남,30세,상해없음,보행자,여,12세,중상
2020073100100205,2020년 7월 31일 12시,금요일,강원도 속초시 청학동,경상사고,0,0,1,0,차대사람 - 횡단중,안전운전불이행,포장 - 건조,맑음,교차로 - 교차로부근,승용,여,48세,상해없음,보행자,남,54세,경상
2020073100100290,2020년 7월 31일 14시,금요일,강원도 영월군 한반도면,부상신고사고,0,0,0,1,차대사람 - 길가장자리구역통행중,안전운전불이행,포장 - 건조,맑음,단일로 - 기타,승용,여,65세,상해없음,보행자,여,91세,부상신고
2020073100100520,2020년 7월 31일 19시,금요일,강원도 속초시 금호동,중상사고,0,1,0,0,차대사람 - 횡단중,안전운전불이행,포장 - 건조,맑음,교차로 - 교차로안,화물,남,57세,상해없음,보행자,여,52세,중상
2020080100100292,2020년 8월 1일 14시,토요일,강원도 춘천시 효자동,중상사고,0,1,0,0,차대사람 - 횡단중,보행자보호의무위반,포장 - 젖음/습기,비,교차로 - 교차로횡단보도내,이륜,남,24세,상해없음,보행자,여,71세,중상
2020080200100086,2020년 8월 2일 10시,일요일,강원도 화천군 하남면,중상사고,0,1,0,0,차대사람 - 기타,안전운전불이행,비포장 - 건조,맑음,기타 - 기타,승용,남,66세,상해없음,보행자,남,67세,중상
2020080200100132,2020년 8월 2일 12시,일요일,강원도 동해시 어달동,중상사고,0,1,0,0,차대사람 - 횡단중,안전운전불이행,포장 - 건조,맑음,단일로 - 기타,승용,남,69세,상해없음,보행자,남,4세,중상
2020080200100300,2020년 8월 2일 18시,일요일,강원도 강릉시 남항진동,경상사고,0,0,1,0,차대사람 - 기타,안전운전불이행,포장 - 건조,맑음,단일로 - 기타,승용,남,60세,상해없음,보행자,남,7세,경상
2020080200100301,2020년 8월 2일 18시,일요일,강원도 속초시 청호동,중상사고,0,1,0,0,차대사람 - 기타,안전운전불이행,포장 - 젖음/습기,흐림,교차로 - 교차로부근,승용,남,43세,상해없음,보행자,남,28세,중상
2020080300100029,2020년 8월 3일 04시,월요일,강원도 강릉시 강문동,사망사고,1,0,0,0,차대사람 - 기타,안전운전불이행,포장 - 젖음/습기,비,단일로 - 기타,승용,남,25세,상해없음,보행자,남,73세,사망
2020080300100181,2020년 8월 3일 11시,월요일,강원도 속초시 청호동,경상사고,0,0,1,0,차대사람 - 횡단중,보행자보호의무위반,포장 - 건조,맑음,교차로 - 교차로안,화물,남,49세,상해없음,보행자,남,66세,경상
2020080300100222,2020년 8월 3일 12시,월요일,강원도 원주시 우산동,경상사고,0,0,1,0,차대사람 - 기타,기타,포장 - 젖음/습기,비,기타 - 기타,승용,남,29세,상해없음,보행자,여,21세,경상
2020080400100464,2020년 8월 4일 19시,화요일,강원도 강릉시 주문진읍,중상사고,0,1,0,0,차대사람 - 횡단중,보행자보호의무위반,포장 - 젖음/습기,비,교차로 - 교차로안,화물,남,50세,상해없음,보행자,남,59세,중상
2020080500100296,2020년 8월 5일 15시,수요일,강원도 강릉시 연곡면,중상사고,0,1,0,0,차대사람 - 차도통행중,안전운전불이행,포장 - 젖음/습기,흐림,단일로 - 기타,화물,남,54세,상해없음,보행자,남,45세,중상
2020080500100358,2020년 8월 5일 17시,수요일,강원도 원주시 단구동,경상사고,0,0,1,0,차대사람 - 횡단중,안전운전불이행,포장 - 젖음/습기,흐림,교차로 - 교차로횡단보도내,승용,남,66세,상해없음,보행자,여,51세,경상
2020080500100475,2020년 8월 5일 20시,수요일,강원도 강릉시 강문동,중상사고,0,1,0,0,차대사람 - 횡단중,보행자보호의무위반,포장 - 젖음/습기,흐림,기타 - 기타,승용,남,19세,상해없음,보행자,남,41세,중상
2020080500100544,2020년 8월 5일 22시,수요일,강원도 홍천군 홍천읍,경상사고,0,0,1,0,차대사람 - 기타,안전운전불이행,포장 - 젖음/습기,흐림,단일로 - 기타,승용,남,31세,상해없음,보행자,남,23세,경상
2020080600100011,2020년 8월 6일 00시,목요일,강원도 춘천시 동내면,중상사고,0,1,0,0,차대사람 - 횡단중,보행자보호의무위반,포장 - 젖음/습기,비,교차로 - 교차로횡단보도내,승용,남,48세,상해없음,보행자,남,22세,중상
2020080600100061,2020년 8월 6일 04시,목요일,강원도 원주시 태장동,경상사고,0,0,1,0,차대사람 - 횡단중,보행자보호의무위반,포장 - 젖음/습기,비,단일로 - 기타,승용,남,44세,상해없음,보행자,남,32세,경상
2020080600100116,2020년 8월 6일 08시,목요일,강원도 동해시 쇄운동,중상사고,0,1,0,0,차대사람 - 횡단중,과속,포장 - 젖음/습기,비,교차로 - 교차로횡단보도내,승용,여,27세,상해없음,보행자,남,16세,중상
2020080600100308,2020년 8월 6일 14시,목요일,강원도 원주시 태장동,중상사고,0,1,0,0,차대사람 - 횡단중,안전운전불이행,포장 - 젖음/습기,비,교차로 - 교차로횡단보도내,승용,여,25세,상해없음,보행자,남,62세,중상
2020080700100014,2020년 8월 7일 00시,금요일,강원도 원주시 명륜동,경상사고,0,0,1,0,차대사람 - 기타,기타,포장 - 건조,맑음,단일로 - 기타,승용,남,57세,상해없음,보행자,남,51세,경상
2020080700100051,2020년 8월 7일 04시,금요일,강원도 정선군 사북읍,경상사고,0,0,1,0,차대사람 - 기타,안전운전불이행,포장 - 건조,흐림,단일로 - 기타,승용,남,62세,상해없음,보행자,여,51세,경상
2020080700100075,2020년 8월 7일 07시,금요일,강원도 홍천군 북방면,경상사고,0,0,1,0,차대사람 - 횡단중,안전운전불이행,포장 - 건조,맑음,교차로 - 교차로부근,승용,남,68세,상해없음,보행자,여,80세,경상
2020080700100397,2020년 8월 7일 17시,금요일,강원도 홍천군 홍천읍,경상사고,0,0,1,0,차대사람 - 횡단중,안전운전불이행,포장 - 건조,맑음,단일로 - 기타,승용,남,81세,상해없음,보행자,남,11세,경상
2020080700100490,2020년 8월 7일 19시,금요일,강원도 춘천시 퇴계동,경상사고,0,0,1,0,차대사람 - 기타,안전운전불이행,포장 - 건조,맑음,교차로 - 교차로부근,승용,남,32세,상해없음,보행자,남,22세,경상
2020080700100589,2020년 8월 7일 22시,금요일,강원도 원주시 명륜동,경상사고,0,0,1,0,차대사람 - 기타,안전운전불이행,포장 - 건조,맑음,주차장 - 주차장,승용,남,53세,상해없음,보행자,남,35세,경상
2020080700100617,2020년 8월 7일 23시,금요일,강원도 원주시 관설동,부상신고사고,0,0,0,1,차대사람 - 보도통행중,안전운전불이행,포장 - 젖음/습기,흐림,기타 - 기타,승용,여,43세,상해없음,보행자,남,27세,부상신고
2020080800100358,2020년 8월 8일 16시,토요일,강원도 속초시 조양동,경상사고,0,0,2,0,차대사람 - 횡단중,보행자보호의무위반,포장 - 젖음/습기,비,교차로 - 교차로횡단보도내,승용,남,76세,상해없음,보행자,여,31세,경상