사고번호,사고일시,요일,시군구,사고내용,사망자수,중상자수,경상자수,부상신고자수,사고유형,법규위반,노면상태,기상상태,도로형태,가해운전자 차종,가해운전자 성별,가해운전자 연령,가해운전자 상해정도,피해운전자 차종,피해운전자 성별,피해운전자 연령,피해운전자 상해정도
2020101500100463,2020년 10월 15일 17시,목요일,강원도 강릉시 강동면,경상사고,0,0,1,0,차대사람 - 기타,안전운전불이행,포장 - 건조,맑음,단일로 - 기타,화물,남,58세,상해없음,보행자,남,26세,경상
2020101600100099,2020년 10월 16일 08시,금요일,강원도 원주시 우산동,경상사고,0,0,1,0,차대사람 - 횡단중,안전운전불이행,포장 - 건조,맑음,단일로 - 기타,승용,남,36세,상해없음,보행자,남,13세,경상
2020101600100217,2020년 10월 16일 12시,금요일,강원도 원주시 태장동,중상사고,0,1,0,0,차대사람 - 차도통행중,보행자보호의무위반,포장 - 건조,맑음,교차로 - 교차로안,화물,남,74세,상해없음,보행자,여,55세,중상
2020101600100256,2020년 10월 16일 13시,금요일,강원도 정선군 임계면,중상사고,0,1,0,0,차대사람 - 횡단중,안전운전불이행,포장 - 건조,맑음,기타 - 기타,승용,남,78세,상해없음,보행자,여,85세,중상
2020101600100613,2020년 10월 16일 21시,금요일,강원도 원주시 단계동,경상사고,0,0,1,0,차대사람 - 차도통행중,안전운전불이행,포장 - 건조,맑음,교차로 - 교차로부근,승용,여,35세,상해없음,보행자,남,56세,경상
2020101700100175,2020년 10월 17일 10시,토요일,강원도 삼척시 사직동,중상사고,0,1,0,0,차대사람 - 횡단중,보행자보호의무위반,포장 - 기타,맑음,기타 - 기타,화물,남,50세,상해없음,보행자,여,69세,중상
2020101800100101,2020년 10월 18일 08시,일요일,강원도 원주시 평원동,경상사고,0,0,1,0,차대사람 - 차도통행중,안전운전불이행,포장 - 건조,맑음,주차장 - 주차장,승용,여,79세,상해없음,보행자,남,54세,경상
2020101900100017,2020년 10월 19일 02시,월요일,강원도 양양군 강현면,경상사고,0,0,1,0,차대사람 - 기타,안전운전불이행,포장 - 건조,맑음,교차로 - 교차로부근,승용,남,36세,상해없음,보행자,남,70세,경상
2020101900100037,2020년 10월 19일 05시,월요일,강원도 원주시 단구동,중상사고,0,1,0,0,차대사람 - 차도통행중,안전운전불이행,포장 - 건조,맑음,단일로 - 기타,승용,남,64세,상해없음,보행자,남,42세,중상
2020101900100288,2020년 10월 19일 12시,월요일,강원도 속초시 조양동,중상사고,0,1,0,0,차대사람 - 횡단중,보행자보호의무위반,포장 - 건조,맑음,교차로 - 교차로횡단보도내,승용,여,48세,상해없음,보행자,여,8세,중상
2020101900100554,2020년 10월 19일 18시,월요일,강원도 정선군 정선읍,사망사고,1,0,0,0,차대사람 - 차도통행중,안전운전불이행,포장 - 건조,맑음,단일로 - 기타,승용,남,44세,상해없음,보행자,여,75세,사망
2020101900100613,2020년 10월 19일 19시,월요일,강원도 춘천시 동면,중상사고,0,1,0,0,차대사람 - 보도통행중,신호위반,포장 - 건조,맑음,교차로 - 교차로횡단보도내,승용,남,56세,상해없음,보행자,남,59세,중상
2020101900100651,2020년 10월 19일 20시,월요일,강원도 강릉시 포남동,중상사고,0,1,0,0,차대사람 - 기타,안전운전불이행,포장 - 건조,맑음,단일로 - 기타,승용,남,58세,상해없음,보행자,여,34세,중상
2020101900100652,2020년 10월 19일 20시,월요일,강원도 횡성군 우천면,중상사고,0,1,0,0,차대사람 - 차도통행중,안전운전불이행,포장 - 건조,맑음,단일로 - 기타,화물,남,75세,상해없음,보행자,남,69세,중상
2020102000100283,2020년 10월 20일 13시,화요일,강원도 강릉시 성남동,중상사고,0,1,0,0,차대사람 - 보도통행중,보행자보호의무위반,포장 - 건조,맑음,교차로 - 교차로횡단보도내,화물,남,64세,상해없음,보행자,남,82세,중상
2020102000100378,2020년 10월 20일 15시,화요일,강원도 강릉시 포남동,경상사고,0,0,1,0,차대사람 - 차도통행중,안전운전불이행,포장 - 건조,맑음,단일로 - 기타,승용,남,45세,상해없음,보행자,여,49세,경상
2020102000100434,2020년 10월 20일 16시,화요일,강원도 춘천시 교동,경상사고,0,0,1,0,차대사람 - 길가장자리구역통행중,안전운전불이행,포장 - 건조,맑음,단일로 - 기타,기타불명,기타불명,미분류,기타불명,보행자,남,67세,경상
2020102000100541,2020년 10월 20일 18시,화요일,강원도 원주시 우산동,경상사고,0,0,1,0,차대사람 - 기타,안전운전불이행,포장 - 건조,맑음,기타 - 기타,승용,남,68세,상해없음,보행자,남,22세,경상
2020102000100543,2020년 10월 20일 18시,화요일,강원도 고성군 간성읍,경상사고,0,0,1,0,차대사람 - 횡단중,안전운전불이행,포장 - 건조,기타,기타 - 기타,승용,남,63세,상해없음,보행자,여,48세,경상
2020102100100301,2020년 10월 21일 14시,수요일,강원도 영월군 영월읍,경상사고,0,0,1,0,차대사람 - 횡단중,보행자보호의무위반,포장 - 건조,맑음,단일로 - 고가도로위,승용,여,61세,상해없음,보행자,여,14세,경상
2020102100100478,2020년 10월 21일 18시,수요일,강원도 춘천시 신동,중상사고,0,1,0,0,차대사람 - 차도통행중,안전운전불이행,포장 - 건조,맑음,단일로 - 기타,승용,여,59세,상해없음,보행자,여,84세,중상
2020102200100158,2020년 10월 22일 09시,목요일,강원도 속초시 동명동,경상사고,0,0,1,0,차대사람 - 차도통행중,안전운전불이행,포장 - 건조,맑음,기타 - 기타,화물,남,45세,상해없음,보행자,여,64세,경상
2020102200100312,2020년 10월 22일 14시,목요일,강원도 원주시 개운동,중상사고,0,1,0,0,차대사람 - 횡단중,보행자보호의무위반,포장 - 건조,맑음,교차로 - 교차로안,화물,남,66세,상해없음,보행자,남,65세,중상
2020102200100340,2020년 10월 22일 15시,목요일,강원도 삼척시 남양동,경상사고,0,0,1,0,차대사람 - 기타,안전운전불이행,포장 - 기타,맑음,단일로 - 기타,승용,여,30세,상해없음,보행자,여,55세,경상
2020102200100387,2020년 10월 22일 16시,목요일,강원도 원주시 관설동,경상사고,0,0,1,0,차대사람 - 횡단중,보행자보호의무위반,포장 - 건조,맑음,교차로 - 교차로안,화물,남,46세,상해없음,보행자,남,12세,경상
2020102200100475,2020년 10월 22일 18시,목요일,강원도 태백시 화전동,중상사고,0,1,0,0,차대사람 - 횡단중,신호위반,포장 - 건조,맑음,단일로 - 기타,승합,남,67세,상해없음,보행자,여,56세,중상
2020102200100543,2020년 10월 22일 19시,목요일,강원도 홍천군 홍천읍,부상신고사고,0,0,0,1,차대사람 - 횡단중,안전운전불이행,포장 - 건조,맑음,주차장 - 주차장,승용,여,47세,상해없음,보행자,여,20세,부상신고
2020102200100594,2020년 10월 22일 21시,목요일,강원도 원주시 학성동,경상사고,0,0,1,0,차대사람 - 횡단중,보행자보호의무위반,포장 - 건조,맑음,교차로 - 교차로안,승용,남,73세,상해없음,보행자,여,67세,경상
2020102300100047,2020년 10월 23일 05시,금요일,강원도 춘천시 약사동,경상사고,0,0,1,0,차대사람 - 차도통행중,안전운전불이행,포장 - 건조,맑음,교차로 - 교차로안,승용,남,45세,상해없음,보행자,여,90세,경상
2020102300100137,2020년 10월 23일 08시,금요일,강원도 춘천시 중앙로2가,경상사고,0,0,1,0,차대사람 - 길가장자리구역통행중,안전운전불이행,포장 - 건조,맑음,단일로 - 기타,승용,여,41세,상해없음,보행자,남,64세,경상
2020102300100610,2020년 10월 23일 18시,금요일,강원도 홍천군 화촌면,경상사고,0,0,1,0,차대사람 - 횡단중,안전운전불이행,포장 - 건조,맑음,주차장 - 주차장,승용,남,51세,상해없음,보행자,남,57세,경상
2020102400100412,2020년 10월 24일 15시,토요일,강원도 원주시 단계동,경상사고,0,0,1,0,차대사람 - 차도통행중,안전운전불이행,포장 - 건조,맑음,단일로 - 기타,승합,남,34세,상해없음,보행자,여,24세,경상
2020102400100415,2020년 10월 24일 15시,토요일,강원도 태백시 황지동,경상사고,0,0,1,0,차대사람 - 횡단중,보행자보호의무위반,포장 - 건조,맑음,교차로 - 교차로횡단보도내,승용,남,58세,상해없음,보행자,여,57세,경상
2020102400100416,2020년 10월 24일 15시,토요일,강원도 횡성군 강림면,중상사고,0,1,0,0,차대사람 - 기타,안전운전불이행,비포장 - 건조,맑음,단일로 - 기타,화물,남,58세,상해없음,보행자,남,66세,중상
2020102400100451,2020년 10월 24일 16시,토요일,강원도 춘천시 후평동,경상사고,0,0,1,0,차대사람 - 길가장자리구역통행중,안전운전불이행,포장 - 건조,맑음,단일로 - 기타,승용,남,68세,상해없음,보행자,남,43세,경상
2020102500100543,2020년 10월 25일 21시,일요일,강원도 양양군 현남면,사망사고,1,0,0,0,차대사람 - 차도통행중,안전운전불이행,포장 - 건조,맑음,교차로 - 교차로부근,승용,남,37세,상해없음,보행자,여,78세,사망
2020102600100047,2020년 10월 26일 06시,월요일,강원도 춘천시 후평동,사망사고,1,0,0,0,차대사람 - 길가장자리구역통행중,안전운전불이행,포장 - 건조,맑음,교차로 - 교차로안,승용,여,58세,상해없음,보행자,남,65세,사망
2020102600100206,2020년 10월 26일 10시,월요일,강원도 화천군 상서면,경상사고,0,0,1,0,차대사람 - 기타,안전운전불이행,포장 - 건조,맑음,단일로 - 기타,승용,여,34세,상해없음,보행자,남,20세,경상
2020102600100489,2020년 10월 26일 17시,월요일,강원도 원주시 봉산동,경상사고,0,0,1,0,차대사람 - 횡단중,안전운전불이행,포장 - 건조,맑음,단일로 - 기타,승용,여,37세,상해없음,보행자,여,65세,경상
2020102600100550,2020년 10월 26일 18시,월요일,강원도 원주시 반곡동,중상사고,0,1,0,0,차대사람 - 횡단중,보행자보호의무위반,포장 - 건조,맑음,교차로 - 교차로횡단보도내,승용,여,45세,상해없음,보행자,여,26세,중상
2020102600100551,2020년 10월 26일 18시,월요일,강원도 동해시 천곡동,경상사고,0,0,1,0,차대사람 - 횡단중,안전운전불이행,포장 - 건조,맑음,단일로 - 기타,이륜,남,23세,상해없음,보행자,남,27세,경상
2020102700100142,2020년 10월 27일 09시,화요일,강원도 동해시 나안동,중상사고,0,1,0,0,차대사람 - 기타,안전운전불이행,포장 - 건조,맑음,교차로 - 교차로안,자전거,남,21세,상해없음,보행자,남,18세,중상
2020102800100341,2020년 10월 28일 14시,수요일,강원도 춘천시 후평동,중상사고,0,1,0,0,차대사람 - 기타,안전운전불이행,포장 - 건조,맑음,교차로 - 교차로안,승용,남,74세,기타불명,보행자,여,89세,중상
2020102800100419,2020년 10월 28일 16시,수요일,강원도 춘천시 동면,중상사고,0,1,0,0,차대사람 - 길가장자리구역통행중,안전운전불이행,포장 - 건조,맑음,교차로 - 교차로부근,승용,남,27세,기타불명,보행자,여,18세,중상
2020102900100120,2020년 10월 29일 08시,목요일,강원도 춘천시 석사동,부상신고사고,0,0,0,1,차대사람 - 차도통행중,안전운전불이행,포장 - 건조,맑음,단일로 - 기타,개인형이동수단(PM),남,18세,부상신고,보행자,남,57세,상해없음
2020102900100157,2020년 10월 29일 09시,목요일,강원도 원주시 학성동,경상사고,0,0,1,0,차대사람 - 보도통행중,안전운전불이행,포장 - 건조,맑음,교차로 - 교차로횡단보도내,승용,여,64세,상해없음,보행자,남,64세,경상
2020102900100708,2020년 10월 29일 22시,목요일,강원도 원주시 단계동,경상사고,0,0,1,0,차대사람 - 차도통행중,안전운전불이행,포장 - 건조,흐림,기타 - 기타,승용,남,37세,기타불명,보행자,남,23세,경상
2020103000100053,2020년 10월 30일 05시,금요일,강원도 삼척시 정상동,중상사고,0,1,0,0,차대사람 - 보도통행중,신호위반,포장 - 건조,맑음,교차로 - 교차로횡단보도내,승용,남,48세,상해없음,보행자,남,55세,중상
2020103000100321,2020년 10월 30일 13시,금요일,강원도 춘천시 요선동,경상사고,0,0,1,0,차대사람 - 기타,안전운전불이행,포장 - 건조,맑음,단일로 - 기타,승용,남,65세,상해없음,보행자,여,79세,경상
2020103000100406,2020년 10월 30일 15시,금요일,강원도 동해시 천곡동,경상사고,0,0,1,0,차대사람 - 길가장자리구역통행중,안전운전불이행,포장 - 건조,맑음,단일로 - 기타,승용,여,48세,상해없음,보행자,남,46세,경상
2020103000100722,2020년 10월 30일 21시,금요일,강원도 원주시 단구동,경상사고,0,0,1,0,차대사람 - 기타,안전운전불이행,포장 - 건조,맑음,단일로 - 기타,승용,남,49세,상해없음,보행자,여,58세,경상
2020103100100381,2020년 10월 31일 15시,토요일,강원도 춘천시 석사동,경상사고,0,0,1,0,차대사람 - 횡단중,안전운전불이행,포장 - 건조,맑음,교차로 - 교차로안,화물,남,27세,상해없음,보행자,여,27세,경상
2020103100100420,2020년 10월 31일 16시,토요일,강원도 강릉시 강문동,중상사고,0,1,0,0,차대사람 - 차도통행중,안전운전불이행,포장 - 건조,맑음,단일로 - 기타,자전거,남,24세,기타불명,보행자,여,52세,중상
2020103100100457,2020년 10월 31일 17시,토요일,강원도 강릉시 주문진읍,경상사고,0,0,1,0,차대사람 - 차도통행중,안전운전불이행,포장 - 건조,맑음,교차로 - 교차로안,승용,남,75세,상해없음,보행자,남,34세,경상
2020103100100573,2020년 10월 31일 19시,토요일,강원도 춘천시 요선동,중상사고,0,1,1,0,차대사람 - 횡단중,보행자보호의무위반,포장 - 건조,맑음,교차로 - 교차로횡단보도내,승용,남,59세,상해없음,보행자,남,51세,중상
2020110100100181,2020년 11월 1일 12시,일요일,강원도 강릉시 임당동,경상사고,0,0,1,0,차대사람 - 횡단중,안전운전불이행,포장 - 건조,맑음,단일로 - 기타,이륜,남,33세,상해없음,보행자,여,69세,경상
2020110100100311,2020년 11월 1일 16시,일요일,강원도 원주시 중앙동,경상사고,0,0,1,0,차대사람 - 보도통행중,보행자보호의무위반,포장 - 건조,맑음,기타 - 기타,승용,남,25세,기타불명,보행자,남,55세,경상
2020110100100348,2020년 11월 1일 17시,일요일,강원도 속초시 중앙동,경상사고,0,0,1,0,차대사람 - 보도통행중,안전운전불이행,포장 - 건조,맑음,교차로 - 교차로부근,화물,남,51세,상해없음,보행자,남,38세,경상
2020110100100390,2020년 11월 1일 18시,일요일,강원도 속초시 조양동,경상사고,0,0,1,0,차대사람 - 횡단중,안전운전불이행,포장 - 건조,맑음,교차로 - 교차로횡단보도내,화물,여,41세,상해없음,보행자,여,65세,경상
2020110200100184,2020년 11월 2일 10시,월요일,강원도 삼척시 교동,중상사고,0,1,0,0,차대사람 - 기타,안전운전불이행,포장 - 건조,맑음,단일로 - 기타,승용,여,28세,상해없음,보행자,여,54세,중상
2020110200100253,2020년 11월 2일 12시,월요일,강원도 원주시 단계동,중상사고,0,1,0,0,차대사람 - 횡단중,안전운전불이행,포장 - 건조,맑음,단일로 - 기타,승용,여,59세,상해없음,보행자,여,75세,중상
2020110200100444,2020년 11월 2일 17시,월요일,강원도 영월군 영월읍,경상사고,0,0,1,0,차대사람 - 길가장자리구역통행중,안전운전불이행,포장 - 건조,맑음,단일로 - 지하차도(도로)내,승합,남,45세,상해없음,보행자,여,28세,경상
2020110200100496,2020년 11월 2일 18시,월요일,강원도 춘천시 후평동,중상사고,0,1,0,0,차대사람 - 횡단중,보행자보호의무위반,포장 - 건조,맑음,교차로 - 교차로부근,승용,남,62세,상해없음,보행자,남,16세,중상
2020110200100563,2020년 11월 2일 19시,월요일,강원도 홍천군 내면,사망사고,1,0,0,0,차대사람 - 차도통행중,안전운전불이행,포장 - 건조,흐림,단일로 - 기타,승용,남,56세,상해없음,보행자,여,79세,사망
2020110200100603,2020년 11월 2일 20시,월요일,강원도 원주시 무실동,중상사고,0,1,0,0,차대사람 - 횡단중,보행자보호의무위반,포장 - 건조,맑음,단일로 - 기타,승용,여,48세,상해없음,보행자,남,50세,중상
2020110300100375,2020년 11월 3일 15시,화요일,강원도 춘천시 조양동,경상사고,0,0,1,0,차대사람 - 횡단중,신호위반,포장 - 건조,맑음,단일로 - 기타,승용,남,79세,상해없음,보행자,남,28세,경상
2020110300100421,2020년 11월 3일 16시,화요일,강원도 춘천시 효자동,경상사고,0,0,1,0,차대사람 - 기타,안전운전불이행,포장 - 건조,맑음,단일로 - 기타,승용,남,54세,상해없음,보행자,남,58세,경상
2020110300100666,2020년 11월 3일 22시,화요일,강원도 강릉시 교동,중상사고,0,1,0,0,차대사람 - 횡단중,보행자보호의무위반,포장 - 건조,맑음,교차로 - 교차로횡단보도내,승용,남,48세,상해없음,보행자,남,21세,중상
2020110400100166,2020년 11월 4일 09시,수요일,강원도 춘천시 우두동,경상사고,0,0,1,0,차대사람 - 기타,안전운전불이행,포장 - 건조,맑음,단일로 - 기타,승용,여,53세,상해없음,보행자,남,41세,경상
2020110400100208,2020년 11월 4일 10시,수요일,강원도 영월군 영월읍,중상사고,0,1,0,0,차대사람 - 기타,안전운전불이행,포장 - 건조,맑음,단일로 - 기타,화물,남,70세,상해없음,보행자,남,58세,중상
2020110400100367,2020년 11월 4일 14시,수요일,강원도 삼척시 도계읍,중상사고,0,1,0,0,차대사람 - 기타,안전운전불이행,포장 - 건조,맑음,단일로 - 기타,화물,남,45세,상해없음,보행자,여,64세,중상
2020110400100437,2020년 11월 4일 16시,수요일,강원도 춘천시 후평동,부상신고사고,0,0,0,1,차대사람 - 차도통행중,안전운전불이행,포장 - 건조,맑음,단일로 - 기타,자전거,남,10세,상해없음,보행자,여,7세,부상신고
2020110400100499,2020년 11월 4일 17시,수요일,강원도 원주시 학성동,중상사고,0,1,0,0,차대사람 - 횡단중,보행자보호의무위반,포장 - 건조,맑음,교차로 - 교차로횡단보도내,승용,여,57세,상해없음,보행자,여,58세,중상
2020110400100501,2020년 11월 4일 17시,수요일,강원도 화천군 화천읍,경상사고,0,0,1,0,차대사람 - 기타,안전운전불이행,포장 - 건조,맑음,단일로 - 기타,기타불명,기타불명,미분류,기타불명,보행자,여,10세,경상
2020110500100023,2020년 11월 5일 01시,목요일,강원도 속초시 영랑동,경상사고,0,0,1,0,차대사람 - 기타,기타,포장 - 건조,맑음,주차장 - 주차장,승용,여,43세,상해없음,보행자,남,43세,경상
2020110500100210,2020년 11월 5일 11시,목요일,강원도 속초시 교동,중상사고,0,1,0,0,차대사람 - 기타,안전운전불이행,포장 - 건조,맑음,교차로 - 교차로부근,승용,여,60세,상해없음,보행자,남,52세,중상
2020110500100534,2020년 11월 5일 19시,목요일,강원도 원주시 명륜동,중상사고,0,1,1,0,차대사람 - 횡단중,보행자보호의무위반,포장 - 건조,맑음,교차로 - 교차로횡단보도내,승용,남,62세,상해없음,보행자,남,58세,중상
2020110600100191,2020년 11월 6일 11시,금요일,강원도 횡성군 횡성읍,경상사고,0,0,1,0,차대사람 - 횡단중,안전운전불이행,포장 - 건조,맑음,단일로 - 기타,승용,남,40세,기타불명,보행자,남,28세,경상
2020110700100278,2020년 11월 7일 13시,토요일,강원도 원주시 중앙동,중상사고,0,1,0,0,차대사람 - 횡단중,안전운전불이행,포장 - 건조,맑음,교차로 - 교차로안,화물,남,69세,상해없음,보행자,여,85세,중상
2020110700100633,2020년 11월 7일 21시,토요일,강원도 강릉시 내곡동,경상사고,0,0,1,0,차대사람 - 길가장자리구역통행중,안전운전불이행,포장 - 건조,맑음,단일로 - 기타,기타불명,기타불명,미분류,기타불명,보행자,남,31세,경상
2020110800100428,2020년 11월 8일 18시,일요일,강원도 강릉시 성산면,경상사고,0,0,1,0,차대사람 - 횡단중,안전운전불이행,포장 - 건조,맑음,교차로 - 교차로부근,승용,남,58세,상해없음,보행자,여,55세,경상
2020110900100344,2020년 11월 9일 14시,월요일,강원도 원주시 중앙동,경상사고,0,0,1,0,차대사람 - 횡단중,보행자보호의무위반,포장 - 건조,맑음,교차로 - 교차로횡단보도내,화물,남,40세,상해없음,보행자,남,79세,경상
2020110900100393,2020년 11월 9일 15시,월요일,강원도 춘천시 석사동,중상사고,0,1,0,0,차대사람 - 횡단중,신호위반,포장 - 건조,맑음,교차로 - 교차로횡단보도내,이륜,남,63세,상해없음,보행자,여,65세,중상
2020111000100063,2020년 11월 10일 06시,화요일,강원도 동해시 발한동,경상사고,0,0,1,0,차대사람 - 기타,안전운전불이행,포장 - 건조,맑음,단일로 - 기타,이륜,남,65세,상해없음,보행자,여,78세,경상
2020111000100275,2020년 11월 10일 12시,화요일,강원도 강릉시 교동,경상사고,0,0,1,0,차대사람 - 기타,안전운전불이행,포장 - 건조,맑음,단일로 - 기타,승용,여,44세,상해없음,보행자,남,20세,경상
2020111000100384,2020년 11월 10일 15시,화요일,강원도 원주시 단계동,경상사고,0,0,1,0,차대사람 - 차도통행중,안전운전불이행,포장 - 건조,맑음,교차로 - 교차로안,화물,남,23세,상해없음,보행자,여,71세,경상
2020111000100386,2020년 11월 10일 15시,화요일,강원도 홍천군 홍천읍,경상사고,0,0,1,0,차대사람 - 횡단중,안전운전불이행,포장 - 건조,맑음,교차로 - 교차로횡단보도내,승용,여,77세,상해없음,보행자,여,58세,경상
2020111000100490,2020년 11월 10일 17시,화요일,강원도 평창군 방림면,사망사고,1,0,0,0,차대사람 - 횡단중,과속,포장 - 건조,맑음,단일로 - 기타,승용,남,47세,상해없음,보행자,남,51세,사망
2020111000100560,2020년 11월 10일 18시,화요일,강원도 원주시 단구동,중상사고,0,1,0,0,차대사람 - 횡단중,보행자보호의무위반,포장 - 건조,맑음,단일로 - 기타,승용,남,56세,상해없음,보행자,여,78세,중상
2020111000100655,2020년 11월 10일 20시,화요일,강원도 동해시 발한동,중상사고,0,1,0,0,차대사람 - 횡단중,보행자보호의무위반,포장 - 건조,맑음,단일로 - 기타,승용,남,68세,상해없음,보행자,남,61세,중상
2020111000100720,2020년 11월 10일 22시,화요일,강원도 원주시 우산동,부상신고사고,0,0,0,1,차대사람 - 길가장자리구역통행중,안전운전불이행,포장 - 건조,맑음,단일로 - 기타,기타불명,기타불명,미분류,기타불명,보행자,남,62세,부상신고
2020111100100146,2020년 11월 11일 09시,수요일,강원도 춘천시 우두동,중상사고,0,1,0,0,차대사람 - 기타,안전운전불이행,포장 - 건조,맑음,교차로 - 교차로부근,승합,남,60세,상해없음,보행자,여,69세,중상
2020111100100452,2020년 11월 11일 16시,수요일,강원도 횡성군 서원면,중상사고,0,1,0,0,차대사람 - 횡단중,안전운전불이행,포장 - 건조,맑음,단일로 - 기타,화물,여,46세,상해없음,보행자,남,41세,중상
2020111100100551,2020년 11월 11일 18시,수요일,강원도 강릉시 내곡동,경상사고,0,0,2,0,차대사람 - 횡단중,보행자보호의무위반,포장 - 건조,맑음,교차로 - 교차로안,승용,여,55세,상해없음,보행자,여,24세,경상
2020111200100166,2020년 11월 12일 09시,목요일,강원도 원주시 명륜동,경상사고,0,0,1,0,차대사람 - 기타,안전운전불이행,포장 - 건조,맑음,단일로 - 기타,승합,남,64세,상해없음,보행자,여,60세,경상
2020111200100223,2020년 11월 12일 11시,목요일,강원도 삼척시 당저동,경상사고,0,0,1,0,차대사람 - 횡단중,안전운전불이행,포장 - 기타,맑음,기타 - 기타,승용,남,74세,상해없음,보행자,여,79세,경상
2020111200100225,2020년 11월 12일 11시,목요일,강원도 동해시 천곡동,경상사고,0,0,1,0,차대사람 - 횡단중,안전운전불이행,포장 - 건조,맑음,단일로 - 기타,승용,남,65세,상해없음,보행자,남,35세,경상
2020111200100329,2020년 11월 12일 14시,목요일,강원도 춘천시 온의동,중상사고,0,1,0,0,차대사람 - 횡단중,안전운전불이행,포장 - 건조,맑음,교차로 - 교차로안,승용,남,66세,상해없음,보행자,남,77세,중상
2020111200100622,2020년 11월 12일 20시,목요일,강원도 원주시 단구동,경상사고,0,0,1,0,차대사람 - 횡단중,안전운전불이행,포장 - 건조,맑음,단일로 - 기타,이륜,남,18세,상해없음,보행자,남,57세,경상
2020111200100645,2020년 11월 12일 21시,목요일,강원도 춘천시 석사동,경상사고,0,0,1,0,차대사람 - 횡단중,보행자보호의무위반,포장 - 건조,맑음,교차로 - 교차로횡단보도내,승용,남,68세,상해없음,보행자,남,54세,경상
2020111200100673,2020년 11월 12일 22시,목요일,강원도 철원군 동송읍,중상사고,0,1,0,0,차대사람 - 차도통행중,안전운전불이행,포장 - 건조,맑음,교차로 - 교차로부근,승용,여,32세,상해없음,보행자,남,37세,중상
2020111300100032,2020년 11월 13일 03시,금요일,강원도 강릉시 교동,경상사고,0,0,1,0,차대사람 - 기타,안전운전불이행,포장 - 건조,맑음,교차로 - 교차로안,승용,남,59세,상해없음,보행자,여,18세,경상
2020111300100153,2020년 11월 13일 09시,금요일,강원도 속초시 교동,중상사고,0,1,0,0,차대사람 - 차도통행중,안전운전불이행,포장 - 건조,맑음,교차로 - 교차로안,승용,남,80세,상해없음,보행자,여,30세,중상
2020111300100588,2020년 11월 13일 20시,금요일,강원도 원주시 명륜동,부상신고사고,0,0,0,1,차대사람 - 길가장자리구역통행중,안전운전불이행,포장 - 건조,흐림,단일로 - 기타,승용,기타불명,미분류,기타불명,보행자,남,63세,부상신고
2020111400100295,2020년 11월 14일 13시,토요일,강원도 동해시 천곡동,중상사고,0,1,0,0,차대사람 - 차도통행중,안전운전불이행,포장 - 건조,맑음,단일로 - 기타,승용,여,56세,상해없음,보행자,여,90세,중상
2020111500100172,2020년 11월 15일 13시,일요일,강원도 춘천시 퇴계동,경상사고,0,0,1,0,차대사람 - 차도통행중,안전운전불이행,포장 - 건조,맑음,단일로 - 기타,이륜,남,18세,상해없음,보행자,남,63세,경상
2020111500100203,2020년 11월 15일 14시,일요일,강원도 강릉시 교동,경상사고,0,0,1,0,차대사람 - 횡단중,안전운전불이행,포장 - 건조,맑음,단일로 - 기타,승용,남,25세,상해없음,보행자,남,9세,경상
2020111600100105,2020년 11월 16일 08시,월요일,강원도 강릉시 포남동,경상사고,0,0,1,0,차대사람 - 기타,안전운전불이행,포장 - 건조,맑음,단일로 - 기타,승용,여,52세,상해없음,보행자,여,10세,경상
2020111600100373,2020년 11월 16일 15시,월요일,강원도 춘천시 온의동,중상사고,0,1,0,0,차대사람 - 보도통행중,기타,포장 - 건조,맑음,단일로 - 기타,승용,여,61세,상해없음,보행자,여,84세,중상
2020111600100512,2020년 11월 16일 18시,월요일,강원도 강릉시 옥천동,경상사고,0,0,1,0,차대사람 - 기타,안전운전불이행,포장 - 건조,맑음,교차로 - 교차로안,승용,여,34세,상해없음,보행자,남,67세,경상
2020111600100513,2020년 11월 16일 18시,월요일,강원도 원주시 단구동,경상사고,0,0,1,0,차대사람 - 횡단중,보행자보호의무위반,포장 - 건조,맑음,교차로 - 교차로안,승용,여,54세,상해없음,보행자,여,45세,경상
2020111600100654,2020년 11월 16일 22시,월요일,강원도 홍천군 홍천읍,경상사고,0,0,1,0,차대사람 - 기타,안전운전불이행,포장 - 건조,맑음,교차로 - 교차로부근,승용,여,30세,상해없음,보행자,남,67세,경상
2020111700100288,2020년 11월 17일 14시,화요일,강원도 삼척시 원당동,중상사고,0,1,0,0,차대사람 - 기타,안전운전불이행,포장 - 건조,맑음,주차장 - 주차장,화물,남,71세,상해없음,보행자,여,83세,중상
2020111700100405,2020년 11월 17일 17시,화요일,강원도 영월군 영월읍,사망사고,1,0,0,0,차대사람 - 횡단중,안전운전불이행,포장 - 건조,맑음,교차로 - 교차로부근,화물,남,66세,상해없음,보행자,남,75세,사망
2020111700100409,2020년 11월 17일 17시,화요일,강원도 동해시 발한동,경상사고,0,0,1,0,차대사람 - 횡단중,보행자보호의무위반,포장 - 건조,맑음,교차로 - 교차로횡단보도내,승용,남,69세,상해없음,보행자,여,68세,경상